{"type":"FeatureCollection","properties":{"region":"İstanbul","built":"2026-09-04","source":"OpenStreetMap via Overpass + Nominatim","license":"ODbL 1.0"},"features":[{"type":"Feature","properties":{"id":"R8845862","name":"Belgrad Ormanı","kind":"forest","area_km2":102.159,"bbox":[28.84184,41.12249,29.05198,41.23513],"source":"OpenStreetMap relation 8845862","license":"ODbL 1.0"},"geometry":{"type":"MultiPolygon","coordinates":[[[[28.98708,41.18181],[28.98639,41.18166],[28.98698,41.18136],[28.98624,41.18064],[28.98641,41.18024],[28.98753,41.17889],[28.98838,41.17882],[28.98756,41.17896],[28.98647,41.18029],[28.98708,41.18181]]],[[[28.98708,41.18181],[28.98658,41.18248],[28.98719,41.1827],[28.98711,41.18335],[28.98891,41.18376],[28.98958,41.18314],[28.99103,41.18303],[28.99157,41.18171],[28.99245,41.18233],[28.99338,41.18211],[28.9945,41.18294],[28.99613,41.18259],[28.99704,41.18366],[28.99846,41.18413],[28.99767,41.18438],[28.9968,41.1837],[28.99631,41.18396],[28.99669,41.18498],[28.99818,41.18485],[29.00085,41.18581],[29.00019,41.18625],[29.00008,41.18709],[28.99957,41.18739],[28.99859,41.18674],[28.99831,41.18752],[28.9994,41.18821],[29.00142,41.18753],[29.00129,41.18867],[29.00205,41.18926],[29.00275,41.18874],[29.00259,41.1899],[29.00427,41.19191],[29.00653,41.1907],[29.00592,41.18928],[29.00562,41.18915],[29.00545,41.1896],[29.0044,41.1889],[29.00414,41.1878],[29.00369,41.18817],[29.00229,41.18754],[29.00314,41.18623],[29.00253,41.18627],[29.00157,41.18446],[28.99998,41.18397],[29.00014,41.1824],[28.99927,41.18302],[28.99888,41.18296],[28.99898,41.18207],[28.99696,41.18272],[28.99644,41.18126],[28.99793,41.1814],[28.99903,41.17948],[28.99825,41.17845],[28.99712,41.17902],[28.99682,41.17824],[28.99541,41.17927],[28.99564,41.17798],[28.99634,41.17733],[28.99609,41.17676],[28.99559,41.17674],[28.99602,41.17568],[28.99476,41.17542],[28.99344,41.17403],[28.99491,41.17471],[28.99793,41.17481],[28.9975,41.17216],[28.99779,41.17149],[28.99882,41.17118],[28.99947,41.1733],[29.00162,41.17342],[29.0036,41.17424],[29.00528,41.17407],[29.00337,41.17269],[29.00506,41.17206],[29.00692,41.17267],[29.00977,41.1708],[29.00948,41.16978],[29.00494,41.16646],[29.00781,41.166],[29.01123,41.16471],[29.02043,41.15958],[29.02191,41.16106],[29.02148,41.16418],[29.02286,41.16145],[29.02374,41.16098],[29.02366,41.1601],[29.02393,41.16086],[29.02447,41.16057],[29.02483,41.16114],[29.02545,41.16629],[29.02433,41.169],[29.02723,41.17009],[29.02681,41.17121],[29.02744,41.17093],[29.02759,41.16989],[29.02886,41.16927],[29.03148,41.16955],[29.0307,41.16987],[29.03063,41.17041],[29.02861,41.17097],[29.03006,41.17133],[29.03042,41.17067],[29.03184,41.17098],[29.03203,41.17138],[29.03162,41.17144],[29.03214,41.17195],[29.03287,41.17183],[29.03329,41.17142],[29.03293,41.1711],[29.0336,41.17093],[29.03592,41.17137],[29.03615,41.17219],[29.03693,41.17226],[29.03757,41.17223],[29.03771,41.17166],[29.03693,41.1708],[29.03746,41.16986],[29.04552,41.16965],[29.04637,41.17066],[29.04837,41.16967],[29.04841,41.17072],[29.05101,41.16944],[29.05147,41.16881],[29.05198,41.16977],[29.05198,41.17057],[29.04669,41.1727],[29.04218,41.17289],[29.0395,41.17363],[29.03879,41.17324],[29.0365,41.17332],[29.03436,41.17275],[29.03232,41.17321],[29.03175,41.17526],[29.03108,41.17542],[29.03182,41.17565],[29.03307,41.1731],[29.03906,41.17451],[29.0389,41.1774],[29.03821,41.1774],[29.03743,41.17638],[29.03799,41.17553],[29.03737,41.175],[29.03457,41.17466],[29.03404,41.1741],[29.03306,41.17467],[29.03337,41.17523],[29.03478,41.17548],[29.03478,41.17618],[29.03404,41.17593],[29.0336,41.17626],[29.03307,41.17722],[29.03374,41.17737],[29.03364,41.17862],[29.03282,41.17896],[29.03525,41.18301],[29.03561,41.18492],[29.0348,41.18644],[29.03527,41.18878],[29.03501,41.19044],[29.0356,41.1913],[29.03366,41.19207],[29.03094,41.19117],[29.03052,41.19036],[29.02958,41.19111],[29.02767,41.19019],[29.02512,41.19121],[29.02404,41.19122],[29.0273,41.19242],[29.02902,41.1938],[29.02911,41.19481],[29.02735,41.19487],[29.02733,41.19561],[29.02799,41.19594],[29.02667,41.1974],[29.02251,41.19576],[29.02169,41.1949],[29.02075,41.19604],[29.02168,41.19696],[29.02061,41.19773],[29.01981,41.19773],[29.02054,41.19885],[29.01953,41.19969],[29.02027,41.20097],[29.01988,41.20212],[29.01798,41.2026],[29.01524,41.20147],[29.01491,41.20202],[29.0144,41.2017],[29.01196,41.20171],[29.00871,41.2024],[29.00747,41.20312],[29.00607,41.20318],[29.00667,41.20416],[29.00905,41.20484],[29.00846,41.20556],[29.00867,41.20634],[29.00721,41.20699],[29.00664,41.20684],[29.0077,41.20595],[29.00679,41.20522],[29.00624,41.20535],[29.00635,41.20658],[29.00577,41.2072],[29.00607,41.20767],[29.00742,41.20791],[29.00737,41.20882],[29.00882,41.20891],[29.0093,41.20799],[29.01205,41.20759],[29.01546,41.20969],[29.01339,41.21001],[29.01268,41.20932],[29.01209,41.2094],[29.01178,41.2098],[29.01244,41.21101],[29.01158,41.21263],[29.01028,41.21181],[29.00944,41.21198],[29.00962,41.2127],[29.01185,41.21307],[29.01385,41.2147],[29.01305,41.21431],[29.01314,41.21481],[29.01084,41.21691],[29.00986,41.21636],[29.00965,41.21687],[29.00822,41.21716],[29.00793,41.21798],[29.0069,41.21757],[29.00785,41.21837],[29.0075,41.21882],[29.0082,41.21955],[29.00746,41.22019],[29.00543,41.21979],[29.00469,41.22034],[29.00153,41.22007],[28.9974,41.22052],[28.9956,41.22144],[28.99453,41.221],[28.99289,41.2189],[28.99309,41.2183],[28.99271,41.21886],[28.99242,41.21864],[28.99257,41.21717],[28.99213,41.2164],[28.9886,41.21819],[28.98726,41.21737],[28.98672,41.21806],[28.9863,41.21768],[28.98669,41.21684],[28.98535,41.21668],[28.98511,41.21736],[28.98426,41.2177],[28.98631,41.21935],[28.98743,41.21963],[28.98744,41.2184],[28.98863,41.22001],[28.9879,41.2203],[28.98507,41.21961],[28.98612,41.2205],[28.98541,41.22157],[28.98596,41.22269],[28.98568,41.22384],[28.98316,41.22373],[28.98243,41.22532],[28.97817,41.22738],[28.97635,41.22808],[28.97452,41.22795],[28.97347,41.22864],[28.97297,41.22833],[28.9715,41.22905],[28.9708,41.23007],[28.96951,41.22955],[28.96866,41.22982],[28.96751,41.23114],[28.96638,41.23121],[28.96569,41.23198],[28.96443,41.23216],[28.96454,41.23163],[28.96407,41.2315],[28.95916,41.23292],[28.95762,41.23257],[28.95691,41.23284],[28.95598,41.23221],[28.95507,41.23219],[28.9552,41.23131],[28.95059,41.23195],[28.94855,41.23107],[28.94724,41.23126],[28.94675,41.23],[28.94209,41.23037],[28.93932,41.23014],[28.93673,41.22921],[28.92957,41.23099],[28.92954,41.2307],[28.92833,41.23116],[28.92725,41.23094],[28.92322,41.23271],[28.9204,41.23327],[28.91901,41.23276],[28.91816,41.23366],[28.9162,41.23424],[28.91534,41.23397],[28.91393,41.23459],[28.90815,41.23468],[28.9077,41.23436],[28.90348,41.23484],[28.90316,41.23454],[28.9002,41.23452],[28.89793,41.23504],[28.89331,41.23513],[28.88996,41.23501],[28.88859,41.23418],[28.88878,41.23291],[28.88737,41.23274],[28.88653,41.23137],[28.88365,41.2307],[28.88214,41.23139],[28.88167,41.23378],[28.88,41.23373],[28.87726,41.23323],[28.87541,41.23139],[28.87456,41.23128],[28.87317,41.23189],[28.87044,41.23072],[28.86414,41.22966],[28.8606,41.22861],[28.85555,41.22853],[28.84829,41.23011],[28.84668,41.22943],[28.84515,41.22601],[28.84642,41.2243],[28.8469,41.22519],[28.84925,41.22549],[28.85098,41.22629],[28.85289,41.22817],[28.85392,41.22803],[28.85378,41.22762],[28.85564,41.22678],[28.85806,41.22702],[28.85915,41.22832],[28.86039,41.22804],[28.85981,41.22691],[28.8612,41.22665],[28.85943,41.22429],[28.86032,41.22261],[28.86074,41.2196],[28.8616,41.21845],[28.86077,41.21655],[28.86119,41.21539],[28.86224,41.21462],[28.86242,41.21263],[28.86176,41.21215],[28.86203,41.21059],[28.86255,41.21038],[28.86195,41.20766],[28.85897,41.20731],[28.85764,41.20755],[28.85729,41.20686],[28.85634,41.20701],[28.8565,41.20764],[28.85521,41.20779],[28.85242,41.20917],[28.85158,41.20878],[28.85256,41.21618],[28.84266,41.21771],[28.84211,41.21374],[28.84253,41.21224],[28.84184,41.21053],[28.84254,41.2093],[28.84563,41.20782],[28.8507,41.20656],[28.8559,41.20327],[28.86798,41.19823],[28.86913,41.19835],[28.8706,41.19788],[28.87159,41.19624],[28.87159,41.1899],[28.87338,41.18993],[28.87378,41.19115],[28.87315,41.19169],[28.87323,41.19333],[28.87601,41.19596],[28.87604,41.19769],[28.87805,41.19878],[28.87902,41.19992],[28.87951,41.20197],[28.87854,41.20275],[28.87836,41.20403],[28.87921,41.20435],[28.87899,41.20336],[28.8801,41.20171],[28.8795,41.19888],[28.87786,41.19762],[28.87681,41.19439],[28.87546,41.19327],[28.87485,41.19134],[28.87429,41.19136],[28.87428,41.19042],[28.87601,41.19005],[28.87497,41.18925],[28.87639,41.18802],[28.87647,41.18828],[28.87996,41.18782],[28.88092,41.18735],[28.88474,41.18863],[28.88508,41.18948],[28.88647,41.18988],[28.88746,41.18859],[28.88851,41.18561],[28.89064,41.18572],[28.89162,41.18665],[28.89083,41.18763],[28.89421,41.19043],[28.89394,41.1939],[28.89241,41.19556],[28.89365,41.19524],[28.894,41.19569],[28.8948,41.19877],[28.89404,41.19995],[28.8949,41.20008],[28.89531,41.2012],[28.89632,41.20706],[28.89725,41.20892],[28.89816,41.20945],[28.90087,41.20736],[28.90151,41.20536],[28.90339,41.20311],[28.9043,41.19919],[28.90596,41.19704],[28.9056,41.19555],[28.90596,41.18868],[28.90466,41.18605],[28.90377,41.18541],[28.90332,41.18394],[28.90635,41.17222],[28.90842,41.17579],[28.90841,41.17699],[28.90949,41.17679],[28.91203,41.17873],[28.91214,41.18141],[28.91278,41.18165],[28.91277,41.18411],[28.91457,41.18456],[28.91612,41.18442],[28.91773,41.18258],[28.91761,41.18095],[28.91656,41.1805],[28.91551,41.17908],[28.91518,41.17696],[28.91485,41.17665],[28.91303,41.17667],[28.91331,41.17628],[28.9116,41.17515],[28.9114,41.17265],[28.90755,41.17046],[28.90775,41.16997],[28.90674,41.16825],[28.90699,41.16656],[28.90774,41.16552],[28.90719,41.1668],[28.90788,41.16713],[28.90833,41.16682],[28.90812,41.16753],[28.9093,41.16831],[28.91006,41.16826],[28.91002,41.16788],[28.90931,41.16775],[28.90977,41.16768],[28.90962,41.1673],[28.91099,41.16765],[28.91039,41.16712],[28.91076,41.16647],[28.91208,41.1666],[28.91181,41.16708],[28.91122,41.1669],[28.91161,41.16768],[28.91315,41.16782],[28.91298,41.16839],[28.91387,41.1688],[28.91427,41.16747],[28.91643,41.16733],[28.91769,41.16818],[28.91835,41.16781],[28.91911,41.16858],[28.91948,41.16781],[28.92062,41.16984],[28.92186,41.16874],[28.92181,41.16938],[28.92451,41.16996],[28.92494,41.1683],[28.92359,41.16648],[28.92387,41.16606],[28.92331,41.16447],[28.92409,41.16493],[28.92362,41.1642],[28.9243,41.16387],[28.92297,41.16373],[28.92281,41.16343],[28.92337,41.16329],[28.92286,41.16313],[28.9229,41.16238],[28.92222,41.16235],[28.92248,41.16196],[28.92369,41.16129],[28.92367,41.16191],[28.92458,41.16188],[28.92459,41.16223],[28.92421,41.16202],[28.92463,41.16256],[28.92549,41.16257],[28.92626,41.16217],[28.92598,41.16114],[28.92648,41.16084],[28.92647,41.16134],[28.92774,41.16043],[28.93428,41.15859],[28.93242,41.15787],[28.93225,41.15684],[28.93035,41.15481],[28.92925,41.15422],[28.92746,41.15413],[28.9267,41.15073],[28.92545,41.15035],[28.92435,41.14862],[28.92388,41.14829],[28.92254,41.14853],[28.92304,41.14746],[28.92829,41.14761],[28.9296,41.14838],[28.93019,41.1479],[28.93359,41.14737],[28.93409,41.1479],[28.93148,41.14869],[28.93122,41.15013],[28.93264,41.15085],[28.93327,41.15241],[28.93278,41.15277],[28.9337,41.1546],[28.93584,41.15477],[28.94008,41.15427],[28.94077,41.1519],[28.93903,41.14975],[28.93946,41.14891],[28.93802,41.14726],[28.93662,41.14756],[28.93668,41.14839],[28.93487,41.149],[28.93467,41.14768],[28.93629,41.14723],[28.9356,41.14605],[28.93484,41.14634],[28.93561,41.1435],[28.93545,41.142],[28.93628,41.14129],[28.93776,41.14119],[28.94114,41.14367],[28.94265,41.14379],[28.94327,41.14526],[28.94412,41.14559],[28.94364,41.14322],[28.94467,41.14221],[28.94968,41.14157],[28.94999,41.14254],[28.95054,41.14258],[28.95077,41.14116],[28.95795,41.13807],[28.95854,41.14111],[28.95775,41.14166],[28.95769,41.14248],[28.95821,41.14289],[28.95932,41.14288],[28.95949,41.1433],[28.95751,41.14393],[28.95861,41.1447],[28.96083,41.14428],[28.96352,41.14547],[28.9639,41.14516],[28.96275,41.14422],[28.96559,41.14393],[28.96428,41.14342],[28.96523,41.14351],[28.9655,41.14138],[28.96861,41.14376],[28.96855,41.14447],[28.97461,41.14482],[28.97577,41.14574],[28.97637,41.14732],[28.97554,41.14902],[28.97567,41.1521],[28.97694,41.15184],[28.97664,41.1506],[28.97744,41.14903],[28.97958,41.14935],[28.98036,41.14904],[28.99385,41.15873],[28.99128,41.161],[28.99214,41.16361],[28.9915,41.16456],[28.98976,41.16514],[28.98879,41.16749],[28.98447,41.16702],[28.98353,41.16799],[28.98346,41.16913],[28.98407,41.16945],[28.98599,41.16984],[28.98776,41.16926],[28.9881,41.16988],[28.9895,41.16991],[28.98858,41.17155],[28.98714,41.1715],[28.98741,41.17217],[28.98847,41.17187],[28.98925,41.17212],[28.98939,41.17263],[28.98843,41.1738],[28.98166,41.17327],[28.97917,41.17387],[28.97604,41.17559],[28.97742,41.1781],[28.97667,41.17994],[28.97963,41.18013],[28.98174,41.1808],[28.98646,41.17571],[28.98821,41.17458],[28.98941,41.1756],[28.98932,41.17601],[28.98933,41.17567],[28.98736,41.17509],[28.98561,41.17695],[28.98668,41.17664],[28.98741,41.17561],[28.98738,41.17608],[28.9881,41.17599],[28.98841,41.17634],[28.98818,41.17683],[28.98713,41.17708],[28.98802,41.17732],[28.98757,41.17854],[28.98623,41.17909],[28.98594,41.18075],[28.9841,41.18058],[28.98486,41.17985],[28.98378,41.17942],[28.98483,41.17832],[28.98436,41.17811],[28.98203,41.18077],[28.98256,41.18109],[28.98201,41.18264],[28.98507,41.18296],[28.98689,41.18228],[28.98708,41.18181]],[[28.87223,41.21299],[28.87329,41.21366],[28.87372,41.21248],[28.87264,41.21205],[28.87276,41.21281],[28.87223,41.21299]],[[28.87714,41.22693],[28.87725,41.22734],[28.87832,41.22753],[28.87869,41.22674],[28.87832,41.22571],[28.87714,41.22693]],[[28.87792,41.19215],[28.87836,41.19206],[28.87815,41.19182],[28.87792,41.19215]],[[28.87797,41.19282],[28.87888,41.19474],[28.88112,41.19533],[28.88183,41.1968],[28.88389,41.19678],[28.88531,41.19808],[28.886,41.19777],[28.88538,41.19727],[28.88754,41.19743],[28.8893,41.19577],[28.88946,41.19198],[28.88855,41.19219],[28.88754,41.1894],[28.88779,41.18905],[28.88863,41.1892],[28.88874,41.1881],[28.88785,41.18839],[28.88726,41.18928],[28.88716,41.19022],[28.88761,41.19061],[28.88668,41.19103],[28.88611,41.19078],[28.88448,41.19222],[28.88304,41.19197],[28.88226,41.19052],[28.88108,41.18981],[28.87969,41.19039],[28.87985,41.19137],[28.88111,41.19224],[28.88205,41.19188],[28.88191,41.19248],[28.88098,41.1931],[28.87976,41.19249],[28.87797,41.19282]],[[28.87982,41.21309],[28.88138,41.21365],[28.88184,41.21293],[28.8824,41.2129],[28.88205,41.21166],[28.88126,41.21097],[28.8803,41.21123],[28.87982,41.21309]],[[28.88002,41.22543],[28.88193,41.22558],[28.88194,41.22632],[28.8835,41.22664],[28.885,41.22806],[28.88577,41.22821],[28.88667,41.22784],[28.88612,41.22786],[28.88689,41.22676],[28.88627,41.226],[28.88461,41.22535],[28.88373,41.22587],[28.88271,41.22568],[28.88273,41.22468],[28.88199,41.22387],[28.88045,41.22377],[28.88002,41.22543]],[[28.88132,41.22635],[28.88137,41.22651],[28.88148,41.22655],[28.88166,41.22658],[28.88168,41.22653],[28.88173,41.22639],[28.8816,41.22628],[28.88146,41.22626],[28.88136,41.2263],[28.88132,41.22635]],[[28.88208,41.22384],[28.88296,41.22439],[28.88434,41.22431],[28.88289,41.22428],[28.88208,41.22384]],[[28.88487,41.2092],[28.88545,41.20937],[28.88555,41.20805],[28.88509,41.20806],[28.88487,41.2092]],[[28.88506,41.19833],[28.88596,41.19945],[28.88623,41.19909],[28.88506,41.19833]],[[28.88698,41.21774],[28.88804,41.21771],[28.88724,41.21735],[28.88698,41.21774]],[[28.88878,41.21521],[28.88933,41.21519],[28.88919,41.2148],[28.88878,41.21521]],[[28.88895,41.19933],[28.88903,41.19965],[28.8899,41.19939],[28.88908,41.19905],[28.88895,41.19933]],[[28.88937,41.18702],[28.88956,41.18705],[28.88974,41.18706],[28.88975,41.18673],[28.88944,41.18673],[28.88937,41.18702]],[[28.88993,41.19849],[28.89032,41.19867],[28.8904,41.19865],[28.89052,41.19872],[28.89073,41.19857],[28.89058,41.1985],[28.89028,41.19836],[28.88998,41.19825],[28.88993,41.19849]],[[28.89086,41.2155],[28.89179,41.21565],[28.89232,41.21494],[28.89138,41.2148],[28.89086,41.2155]],[[28.89245,41.21477],[28.89359,41.21452],[28.89286,41.21429],[28.89245,41.21477]],[[28.90569,41.17975],[28.90637,41.18147],[28.90656,41.18435],[28.9085,41.18217],[28.90717,41.17972],[28.90569,41.17975]],[[28.90695,41.16769],[28.90721,41.16871],[28.90776,41.16878],[28.9073,41.16781],[28.90791,41.16747],[28.90748,41.16702],[28.90695,41.16769]],[[28.90793,41.16789],[28.90945,41.16916],[28.91011,41.16906],[28.91017,41.16844],[28.90793,41.16789]],[[28.91156,41.18606],[28.91162,41.18617],[28.91173,41.18617],[28.9119,41.18616],[28.91215,41.18613],[28.91216,41.18602],[28.91206,41.18598],[28.91188,41.18592],[28.9117,41.18584],[28.9116,41.18589],[28.91156,41.18606]],[[28.91256,41.19856],[28.91323,41.19852],[28.91485,41.19628],[28.91607,41.19656],[28.91777,41.19596],[28.91543,41.19381],[28.9142,41.19482],[28.91256,41.19856]],[[28.91393,41.1854],[28.91455,41.18469],[28.91411,41.18465],[28.91393,41.1854]],[[28.9144,41.22213],[28.91512,41.22277],[28.91808,41.2226],[28.91731,41.22141],[28.91899,41.22116],[28.91992,41.21962],[28.91989,41.22071],[28.92099,41.22084],[28.92167,41.22011],[28.92165,41.21832],[28.91828,41.21885],[28.91658,41.21802],[28.9144,41.22213]],[[28.92204,41.20549],[28.923,41.20852],[28.92262,41.2106],[28.92346,41.21149],[28.92453,41.21165],[28.92724,41.21082],[28.92786,41.21039],[28.9248,41.20711],[28.924,41.20559],[28.92204,41.20549]],[[28.92242,41.17151],[28.92334,41.17222],[28.92325,41.17132],[28.92242,41.17151]],[[28.92317,41.16273],[28.92436,41.16361],[28.92517,41.16301],[28.9244,41.16293],[28.92415,41.16222],[28.92349,41.16207],[28.92317,41.16273]],[[28.92405,41.17177],[28.9243,41.1724],[28.92499,41.17227],[28.92405,41.17177]],[[28.92411,41.17463],[28.92482,41.17562],[28.92525,41.17585],[28.92571,41.17534],[28.92646,41.17601],[28.9276,41.17509],[28.92616,41.17426],[28.92411,41.17463]],[[28.92425,41.17369],[28.9245,41.17399],[28.92588,41.17378],[28.92609,41.17296],[28.92431,41.1733],[28.92425,41.17369]],[[28.92622,41.16928],[28.92666,41.16911],[28.92622,41.16899],[28.92622,41.16928]],[[28.92657,41.17036],[28.92751,41.17068],[28.92822,41.16963],[28.92865,41.17008],[28.92944,41.16971],[28.92918,41.16899],[28.92995,41.16851],[28.92885,41.16809],[28.92741,41.16815],[28.92804,41.16932],[28.92767,41.16921],[28.92657,41.17036]],[[28.92665,41.16449],[28.92722,41.16495],[28.92665,41.16509],[28.92686,41.16628],[28.92819,41.1659],[28.93055,41.16354],[28.93207,41.16274],[28.93272,41.16292],[28.93298,41.16211],[28.9336,41.16209],[28.93313,41.16161],[28.93093,41.16216],[28.93315,41.16155],[28.93288,41.16123],[28.9314,41.16174],[28.92909,41.16369],[28.92665,41.16449]],[[28.92696,41.17642],[28.92728,41.17679],[28.92809,41.1765],[28.92777,41.17934],[28.92856,41.17967],[28.92896,41.17857],[28.92852,41.17752],[28.93166,41.17653],[28.9313,41.17502],[28.93008,41.17542],[28.92792,41.1753],[28.92787,41.17593],[28.92696,41.17642]],[[28.92719,41.16803],[28.92827,41.1678],[28.92809,41.16722],[28.92719,41.16803]],[[28.92773,41.18157],[28.92943,41.18416],[28.93003,41.18269],[28.92974,41.18201],[28.93073,41.18076],[28.93015,41.18035],[28.92959,41.1805],[28.92883,41.18199],[28.92773,41.18157]],[[28.92777,41.17993],[28.92799,41.18048],[28.93062,41.18001],[28.93122,41.17876],[28.93111,41.17933],[28.93205,41.18018],[28.9327,41.18007],[28.93163,41.17873],[28.9317,41.17702],[28.93077,41.1775],[28.93077,41.17852],[28.92965,41.17957],[28.92777,41.17993]],[[28.92932,41.16481],[28.93009,41.16513],[28.92987,41.16444],[28.92932,41.16481]],[[28.93066,41.16992],[28.93138,41.17029],[28.93159,41.16998],[28.93066,41.16992]],[[28.93104,41.15533],[28.93121,41.15561],[28.93162,41.1552],[28.93186,41.15381],[28.93123,41.1543],[28.93104,41.15533]],[[28.93116,41.18166],[28.93167,41.18266],[28.9326,41.18286],[28.93205,41.18168],[28.93232,41.1813],[28.93116,41.18166]],[[28.93137,41.1556],[28.93181,41.15648],[28.93215,41.15573],[28.93137,41.1556]],[[28.93176,41.18393],[28.93244,41.18431],[28.93254,41.18346],[28.93176,41.18393]],[[28.93265,41.16013],[28.93361,41.1613],[28.93642,41.15877],[28.93492,41.15893],[28.93265,41.16013]],[[28.93282,41.16586],[28.93421,41.16657],[28.93522,41.16661],[28.93547,41.16702],[28.93538,41.16633],[28.93613,41.16521],[28.93501,41.16473],[28.93658,41.16332],[28.93548,41.16279],[28.9351,41.16206],[28.9333,41.16154],[28.93414,41.1625],[28.93425,41.16351],[28.93282,41.16586]],[[28.93372,41.17574],[28.93616,41.1768],[28.93435,41.17714],[28.93464,41.17811],[28.93551,41.1775],[28.93599,41.17745],[28.93604,41.17805],[28.93727,41.17758],[28.93672,41.17605],[28.93372,41.17574]],[[28.9338,41.21368],[28.93525,41.21494],[28.93488,41.21742],[28.93651,41.21895],[28.93764,41.2192],[28.93805,41.22054],[28.94246,41.2214],[28.94403,41.22087],[28.94375,41.22014],[28.9407,41.21957],[28.9399,41.21882],[28.94035,41.21864],[28.93971,41.21828],[28.93977,41.21723],[28.93877,41.21713],[28.94129,41.21484],[28.93949,41.21225],[28.93885,41.21255],[28.93894,41.21313],[28.93771,41.21464],[28.93649,41.21407],[28.93677,41.21251],[28.93631,41.21179],[28.93542,41.2121],[28.9338,41.21368]],[[28.93483,41.18027],[28.93515,41.18101],[28.93646,41.18018],[28.93653,41.1806],[28.93699,41.18059],[28.93644,41.17933],[28.93483,41.18027]],[[28.93518,41.16871],[28.93608,41.16781],[28.93539,41.16767],[28.93518,41.16871]],[[28.93582,41.21016],[28.93842,41.21035],[28.94058,41.21183],[28.93918,41.20984],[28.93612,41.20973],[28.93582,41.21016]],[[28.93685,41.15978],[28.93868,41.16138],[28.93808,41.16365],[28.94097,41.16359],[28.94018,41.16081],[28.93858,41.1601],[28.938,41.15937],[28.93685,41.15978]],[[28.93747,41.14457],[28.93787,41.14609],[28.93922,41.14602],[28.93937,41.14466],[28.93835,41.14431],[28.93747,41.14457]],[[28.9375,41.15531],[28.9379,41.15555],[28.93897,41.15506],[28.93804,41.15486],[28.9375,41.15531]],[[28.9379,41.17787],[28.93874,41.17885],[28.93971,41.17874],[28.93904,41.17845],[28.93954,41.17815],[28.93866,41.1776],[28.9379,41.17787]],[[28.93913,41.158],[28.93959,41.15853],[28.94329,41.15806],[28.94331,41.15572],[28.94165,41.15485],[28.94027,41.15588],[28.94007,41.15712],[28.93913,41.158]],[[28.93928,41.16646],[28.93998,41.16806],[28.94733,41.16861],[28.94739,41.16826],[28.94562,41.16779],[28.94339,41.1661],[28.94025,41.16599],[28.93928,41.16646]],[[28.94039,41.15334],[28.94092,41.15387],[28.94052,41.15421],[28.94117,41.15453],[28.94213,41.15445],[28.94328,41.15506],[28.94489,41.15455],[28.94393,41.15308],[28.94254,41.15228],[28.94173,41.15304],[28.94118,41.15292],[28.94122,41.15244],[28.94078,41.15255],[28.94039,41.15334]],[[28.94071,41.14698],[28.94137,41.14834],[28.94124,41.14713],[28.94071,41.14698]],[[28.94162,41.14698],[28.94162,41.14727],[28.94209,41.1473],[28.94203,41.14706],[28.94162,41.14698]],[[28.94577,41.14755],[28.94657,41.14719],[28.94689,41.1476],[28.94661,41.1466],[28.94619,41.14656],[28.94577,41.14755]],[[28.94695,41.20617],[28.94762,41.20665],[28.94742,41.20707],[28.94827,41.20707],[28.94695,41.20617]],[[28.94773,41.14875],[28.94837,41.14935],[28.94838,41.14864],[28.94773,41.14875]],[[28.9499,41.15007],[28.95081,41.15081],[28.95035,41.14986],[28.9499,41.15007]],[[28.94994,41.20889],[28.9507,41.20934],[28.95185,41.20765],[28.95309,41.2074],[28.95524,41.20899],[28.9567,41.20905],[28.95788,41.20851],[28.95667,41.2083],[28.95569,41.20759],[28.95518,41.20803],[28.95541,41.2073],[28.95412,41.20718],[28.95355,41.20648],[28.95277,41.20651],[28.95237,41.20699],[28.95154,41.20646],[28.95199,41.20699],[28.94994,41.20889]],[[28.95058,41.15099],[28.95149,41.1521],[28.95263,41.15125],[28.95146,41.15106],[28.95109,41.1506],[28.95058,41.15099]],[[28.95208,41.16034],[28.95276,41.16088],[28.95263,41.16132],[28.95219,41.16126],[28.95264,41.16146],[28.95249,41.16214],[28.95412,41.16271],[28.95518,41.16196],[28.95878,41.16239],[28.95933,41.16167],[28.95894,41.16084],[28.95843,41.16173],[28.95794,41.16067],[28.95756,41.16154],[28.9563,41.16152],[28.95443,41.1611],[28.95367,41.1603],[28.95208,41.16034]],[[28.95459,41.17944],[28.95754,41.17809],[28.95846,41.18056],[28.96079,41.18214],[28.96132,41.18198],[28.96104,41.18305],[28.9613,41.18281],[28.96207,41.18424],[28.96127,41.18261],[28.96178,41.18273],[28.96208,41.18225],[28.95979,41.18034],[28.9586,41.17725],[28.95897,41.17596],[28.95798,41.17486],[28.95646,41.17465],[28.95622,41.17533],[28.95714,41.17577],[28.95682,41.17766],[28.95459,41.17944]],[[28.95549,41.19375],[28.95672,41.19388],[28.96033,41.19258],[28.95968,41.1897],[28.95853,41.19016],[28.95879,41.19242],[28.95707,41.19347],[28.95549,41.19375]],[[28.95556,41.14554],[28.95739,41.14683],[28.95787,41.1465],[28.95735,41.14598],[28.95831,41.14591],[28.95726,41.14507],[28.95717,41.14433],[28.95556,41.14554]],[[28.95808,41.16261],[28.9584,41.16369],[28.95992,41.16355],[28.96052,41.16395],[28.9601,41.16445],[28.96075,41.16461],[28.96247,41.16303],[28.96101,41.16128],[28.9598,41.16143],[28.95921,41.16204],[28.96065,41.16277],[28.96109,41.16363],[28.95808,41.16261]],[[28.95939,41.22415],[28.95977,41.2244],[28.96021,41.2241],[28.95988,41.22371],[28.95939,41.22415]],[[28.96028,41.20138],[28.96079,41.20145],[28.96237,41.20355],[28.96221,41.2021],[28.96114,41.20101],[28.96028,41.20138]],[[28.96303,41.16991],[28.96355,41.1702],[28.96517,41.16836],[28.96517,41.16594],[28.96494,41.16774],[28.96303,41.16991]],[[28.96509,41.21539],[28.96587,41.21561],[28.96667,41.21711],[28.96722,41.21719],[28.96826,41.21528],[28.97085,41.21514],[28.97508,41.21286],[28.97473,41.21091],[28.97691,41.2091],[28.97752,41.20702],[28.9769,41.20676],[28.97322,41.2075],[28.97493,41.20848],[28.9726,41.20835],[28.97215,41.20945],[28.97144,41.20966],[28.97039,41.20834],[28.96967,41.20833],[28.96948,41.20892],[28.96849,41.2091],[28.96708,41.20868],[28.96685,41.20914],[28.96741,41.20977],[28.96995,41.2114],[28.96995,41.213],[28.96957,41.21392],[28.96509,41.21539]],[[28.96985,41.15796],[28.97048,41.15859],[28.9717,41.15877],[28.97147,41.15936],[28.97229,41.15947],[28.97254,41.15824],[28.97443,41.15738],[28.97395,41.15675],[28.96985,41.15796]],[[28.97003,41.22087],[28.97019,41.2212],[28.97114,41.22112],[28.97158,41.22051],[28.97017,41.22011],[28.9705,41.2206],[28.97003,41.22087]],[[28.97118,41.21589],[28.97153,41.21651],[28.97266,41.21561],[28.97156,41.21583],[28.97149,41.21535],[28.97118,41.21589]],[[28.97132,41.1807],[28.97255,41.18111],[28.97277,41.18044],[28.9714,41.18039],[28.97132,41.1807]],[[28.97155,41.19867],[28.97199,41.20023],[28.97305,41.20093],[28.97614,41.20196],[28.98038,41.20231],[28.97822,41.20025],[28.97871,41.19915],[28.97841,41.19767],[28.97774,41.19856],[28.97719,41.19802],[28.97665,41.1982],[28.97566,41.19964],[28.97408,41.19947],[28.97243,41.19695],[28.97165,41.19733],[28.97155,41.19867]],[[28.97356,41.16683],[28.97385,41.16763],[28.97448,41.16692],[28.97356,41.16683]],[[28.9745,41.16572],[28.97645,41.16717],[28.97725,41.16699],[28.97728,41.1658],[28.97477,41.16513],[28.9745,41.16572]],[[28.97671,41.1897],[28.97764,41.1902],[28.97723,41.18936],[28.97671,41.1897]],[[28.97755,41.16927],[28.97794,41.16969],[28.97991,41.1699],[28.97915,41.16839],[28.97819,41.16844],[28.97755,41.16927]],[[28.97806,41.18842],[28.97967,41.18901],[28.98101,41.18809],[28.98026,41.18858],[28.97963,41.18846],[28.97965,41.18799],[28.97939,41.18823],[28.97902,41.18767],[28.97874,41.18827],[28.97806,41.18842]],[[28.97989,41.16084],[28.97999,41.16148],[28.98054,41.16163],[28.98224,41.16061],[28.98178,41.16003],[28.9804,41.15975],[28.97989,41.16084]],[[28.98083,41.17026],[28.98342,41.17306],[28.98472,41.17162],[28.98564,41.17247],[28.98574,41.17135],[28.98523,41.17147],[28.98528,41.17101],[28.98179,41.16917],[28.98089,41.1691],[28.98125,41.16979],[28.98083,41.17026]],[[28.98236,41.19284],[28.98242,41.19309],[28.98305,41.19215],[28.98307,41.1912],[28.98409,41.19038],[28.98652,41.19001],[28.98599,41.18943],[28.98345,41.19024],[28.98236,41.19284]],[[28.98419,41.16123],[28.98493,41.16217],[28.98498,41.16468],[28.98605,41.16485],[28.98617,41.16525],[28.9874,41.16529],[28.98806,41.1643],[28.98864,41.16498],[28.99172,41.1639],[28.98668,41.16375],[28.98792,41.16354],[28.9881,41.16293],[28.99195,41.16356],[28.99117,41.16153],[28.99034,41.16152],[28.9901,41.16193],[28.98989,41.16151],[28.98861,41.16153],[28.98962,41.16205],[28.98788,41.16205],[28.98573,41.16358],[28.98536,41.16296],[28.98596,41.16302],[28.9862,41.16225],[28.98809,41.16149],[28.98741,41.16111],[28.98592,41.16163],[28.98519,41.16071],[28.98419,41.16123]],[[28.98442,41.19343],[28.98554,41.19601],[28.98616,41.19459],[28.98684,41.1942],[28.98695,41.19214],[28.98442,41.19343]],[[28.98455,41.18864],[28.98567,41.18877],[28.9856,41.18791],[28.98505,41.18787],[28.98455,41.18864]],[[28.98597,41.21135],[28.98712,41.2117],[28.98662,41.21124],[28.98684,41.21053],[28.98601,41.21064],[28.98597,41.21135]],[[28.98675,41.21003],[28.98696,41.21031],[28.98712,41.21031],[28.98716,41.21023],[28.98704,41.21],[28.98681,41.20994],[28.98675,41.21003]],[[28.98753,41.2135],[28.98814,41.2144],[28.98892,41.21424],[28.98861,41.21465],[28.98925,41.21479],[28.98975,41.21395],[28.9892,41.2139],[28.98942,41.21361],[28.98867,41.21382],[28.98899,41.21313],[28.98844,41.21338],[28.9883,41.21289],[28.98753,41.2135]],[[28.98754,41.19118],[28.98877,41.19525],[28.9895,41.19615],[28.98944,41.19705],[28.98935,41.19546],[28.99035,41.19488],[28.98945,41.19487],[28.989,41.19416],[28.98837,41.19108],[28.98754,41.19118]],[[28.98797,41.21159],[28.98932,41.21124],[28.99054,41.21148],[28.99009,41.21209],[28.99076,41.21194],[28.99037,41.21079],[28.98972,41.21053],[28.99057,41.21002],[28.99018,41.20918],[28.98887,41.20909],[28.98876,41.20974],[28.98813,41.20986],[28.98946,41.21028],[28.98916,41.21099],[28.98797,41.21159]],[[28.98971,41.20598],[28.99062,41.20728],[28.99064,41.20574],[28.98971,41.20598]],[[28.99011,41.19688],[28.99085,41.197],[28.99054,41.19789],[28.99109,41.19759],[28.99089,41.19826],[28.99184,41.19897],[28.99257,41.19726],[28.99451,41.19711],[28.99668,41.1955],[28.9961,41.19503],[28.99551,41.19552],[28.99322,41.19395],[28.99211,41.19478],[28.99258,41.19513],[28.99378,41.19491],[28.99374,41.19546],[28.99108,41.19524],[28.99015,41.19586],[28.99011,41.19688]],[[28.99091,41.21131],[28.99168,41.2123],[28.99145,41.21104],[28.99091,41.21131]],[[28.9913,41.20794],[28.99189,41.20888],[28.99276,41.20917],[28.99266,41.20718],[28.9913,41.20794]],[[28.99252,41.19325],[28.99322,41.19305],[28.99393,41.19338],[28.9942,41.19285],[28.99468,41.19363],[28.99546,41.1937],[28.99424,41.19384],[28.9944,41.19441],[28.99515,41.19427],[28.99656,41.19475],[28.99673,41.19519],[28.99645,41.19321],[28.9978,41.19334],[28.9979,41.19439],[28.99912,41.19383],[28.9991,41.1923],[28.99833,41.19239],[28.99828,41.19195],[28.99907,41.19105],[28.99802,41.19092],[28.99729,41.19178],[28.99716,41.19002],[28.99575,41.19048],[28.99544,41.19134],[28.99477,41.19029],[28.99288,41.18995],[28.99391,41.19147],[28.99252,41.19325]],[[28.99292,41.18743],[28.99427,41.18831],[28.99445,41.19002],[28.99511,41.19037],[28.99557,41.18977],[28.99641,41.19008],[28.9957,41.18942],[28.99599,41.18887],[28.99502,41.18882],[28.99526,41.18758],[28.99652,41.18726],[28.9949,41.18706],[28.99564,41.18669],[28.99527,41.18616],[28.99491,41.18598],[28.99449,41.18658],[28.99394,41.18659],[28.99406,41.18757],[28.99309,41.1871],[28.99292,41.18743]],[[28.993,41.18314],[28.99432,41.18476],[28.99614,41.18598],[28.99364,41.18284],[28.993,41.18314]],[[28.99361,41.20706],[28.99389,41.20748],[28.99475,41.20728],[28.99448,41.20669],[28.99361,41.20706]],[[28.99367,41.21337],[28.99412,41.21374],[28.99465,41.21334],[28.99427,41.21303],[28.99528,41.21262],[28.99478,41.21336],[28.99512,41.21348],[28.99579,41.21217],[28.99517,41.21233],[28.99515,41.21181],[28.9947,41.21227],[28.99499,41.21251],[28.99367,41.21337]],[[28.99394,41.18313],[28.99456,41.18398],[28.99612,41.18355],[28.99566,41.18291],[28.99394,41.18313]],[[28.99459,41.21483],[28.99484,41.21501],[28.99616,41.21394],[28.99684,41.21398],[28.99784,41.21331],[28.99611,41.21355],[28.99459,41.21483]],[[28.99572,41.19721],[28.9968,41.1983],[28.99735,41.19837],[28.99779,41.19773],[28.99819,41.19794],[28.99785,41.19817],[28.99857,41.19915],[28.99819,41.19949],[28.99745,41.19933],[28.99843,41.19989],[28.99957,41.19881],[29.00116,41.19925],[29.00079,41.19869],[28.99945,41.19832],[28.99683,41.19666],[28.99595,41.19672],[28.99572,41.19721]],[[28.99572,41.21349],[28.99686,41.21204],[28.99911,41.2112],[28.99911,41.21037],[28.99812,41.21074],[28.99797,41.21155],[28.99736,41.21127],[28.99613,41.21186],[28.99657,41.21212],[28.99588,41.21248],[28.99572,41.21349]],[[28.99616,41.20613],[28.9962,41.20638],[28.99713,41.20616],[28.99687,41.20587],[28.99616,41.20613]],[[28.99625,41.20891],[28.99641,41.20896],[28.99672,41.20889],[28.99698,41.20872],[28.99693,41.2086],[28.99683,41.20855],[28.99665,41.20859],[28.99646,41.20863],[28.99631,41.2088],[28.99625,41.20891]],[[28.99646,41.21495],[28.99709,41.21479],[28.99724,41.21521],[28.99656,41.21618],[28.99899,41.21546],[28.99959,41.21616],[29.00105,41.2161],[29.0016,41.2155],[29.00142,41.21458],[29.00071,41.21411],[29.00028,41.21475],[28.99806,41.2141],[28.99646,41.21495]],[[28.99804,41.20164],[28.99862,41.20198],[28.99896,41.20336],[28.99984,41.20391],[28.99979,41.2063],[29.00124,41.20631],[29.00027,41.20218],[28.99804,41.20164]],[[28.99859,41.22024],[29.00339,41.22],[29.00326,41.21837],[29.00386,41.21758],[29.00544,41.21705],[29.00494,41.21578],[29.00388,41.21673],[29.00285,41.21658],[29.00394,41.21536],[29.00236,41.21525],[29.00184,41.21617],[29.00057,41.21662],[28.9997,41.21757],[28.99859,41.22024]],[[28.99871,41.2079],[28.99935,41.20965],[29.00149,41.2103],[29.00053,41.20906],[28.99871,41.2079]],[[29.00006,41.19187],[29.00034,41.19251],[29.00094,41.1923],[29.00055,41.1915],[29.00006,41.19187]],[[29.00068,41.21249],[29.00144,41.21244],[29.00146,41.21194],[29.00229,41.2116],[29.00132,41.21135],[29.00077,41.21188],[29.0012,41.21234],[29.00068,41.21249]],[[29.0007,41.21347],[29.00159,41.21445],[29.00259,41.21386],[29.00203,41.21322],[29.0029,41.21331],[29.00325,41.21238],[29.00249,41.21234],[29.00249,41.21172],[29.00165,41.212],[29.00234,41.21244],[29.00216,41.21297],[29.0007,41.21347]],[[29.001,41.194],[29.00255,41.19509],[29.00263,41.19401],[29.00258,41.19466],[29.00158,41.19357],[29.001,41.194]],[[29.00183,41.2058],[29.00199,41.20614],[29.00295,41.20553],[29.0039,41.2059],[29.00397,41.20516],[29.00276,41.20489],[29.00292,41.20439],[29.00192,41.20437],[29.00243,41.20511],[29.00183,41.2058]],[[29.00269,41.20019],[29.00308,41.20038],[29.00289,41.19994],[29.00269,41.20019]],[[29.00317,41.20701],[29.00471,41.20807],[29.00549,41.2067],[29.00507,41.20651],[29.0044,41.20719],[29.00317,41.20701]],[[29.00332,41.19385],[29.00417,41.19445],[29.00429,41.19381],[29.00511,41.19366],[29.00412,41.19283],[29.00332,41.19385]],[[29.00386,41.2042],[29.0044,41.20447],[29.00433,41.20372],[29.00386,41.2042]],[[29.00427,41.19689],[29.00508,41.19768],[29.00477,41.19838],[29.00647,41.1973],[29.00719,41.1977],[29.00752,41.19669],[29.00613,41.19593],[29.00565,41.19703],[29.00512,41.19596],[29.00472,41.19687],[29.00427,41.19689]],[[29.00447,41.21995],[29.00463,41.2202],[29.00498,41.21991],[29.00495,41.218],[29.00447,41.21995]],[[29.00467,41.2149],[29.00543,41.21484],[29.00519,41.21426],[29.00467,41.2149]],[[29.00481,41.20261],[29.0049,41.20265],[29.00492,41.2027],[29.00501,41.20266],[29.00499,41.20262],[29.00506,41.20253],[29.00485,41.20246],[29.00481,41.20261]],[[29.00537,41.20296],[29.00547,41.20301],[29.00569,41.20284],[29.00593,41.20272],[29.00623,41.20244],[29.00596,41.2023],[29.00574,41.20247],[29.0057,41.20258],[29.00564,41.20271],[29.00551,41.20276],[29.0054,41.20281],[29.00537,41.20296]],[[29.00556,41.19159],[29.00631,41.19192],[29.00716,41.19147],[29.00613,41.19106],[29.00556,41.19159]],[[29.00588,41.21732],[29.00595,41.21733],[29.00623,41.21728],[29.00654,41.21701],[29.00672,41.21682],[29.00668,41.21664],[29.00635,41.21677],[29.00603,41.21694],[29.00589,41.21712],[29.00588,41.21732]],[[29.00625,41.20209],[29.00627,41.20219],[29.00643,41.20242],[29.00652,41.20241],[29.00643,41.20214],[29.00632,41.20211],[29.00625,41.20209]],[[29.00663,41.19323],[29.00828,41.19331],[29.0087,41.19244],[29.00782,41.19283],[29.00752,41.19268],[29.00843,41.19233],[29.00768,41.1921],[29.00663,41.19323]],[[29.00815,41.21294],[29.00816,41.21303],[29.00817,41.21318],[29.00825,41.21338],[29.00835,41.21346],[29.00842,41.2136],[29.0085,41.21378],[29.00851,41.21395],[29.00863,41.21403],[29.00882,41.21408],[29.00884,41.21389],[29.00891,41.21384],[29.00888,41.21374],[29.00872,41.21374],[29.00866,41.21351],[29.0085,41.21323],[29.00861,41.21316],[29.00856,41.21304],[29.00841,41.21296],[29.00815,41.21294]],[[29.00841,41.19449],[29.00874,41.19548],[29.00975,41.19442],[29.01028,41.19468],[29.01072,41.19443],[29.01081,41.19336],[29.00933,41.19333],[29.00954,41.19435],[29.00886,41.19461],[29.00897,41.1939],[29.00841,41.19449]],[[29.00932,41.19668],[29.01081,41.19707],[29.0109,41.19975],[29.0122,41.19955],[29.01192,41.19852],[29.01228,41.19852],[29.01269,41.19922],[29.0145,41.20028],[29.01507,41.19939],[29.0145,41.19807],[29.01614,41.19697],[29.01229,41.19597],[29.01202,41.19692],[29.01332,41.19795],[29.01193,41.1982],[29.01097,41.19635],[29.0104,41.19606],[29.00933,41.19633],[29.00932,41.19668]],[[29.0096,41.21092],[29.01,41.21104],[29.00994,41.21052],[29.0096,41.21092]],[[29.01027,41.16845],[29.0105,41.16896],[29.01107,41.1688],[29.01148,41.16695],[29.01066,41.1671],[29.01081,41.16818],[29.01027,41.16845]],[[29.01117,41.17093],[29.01431,41.17381],[29.01305,41.1729],[29.01297,41.17325],[29.02487,41.18194],[29.02493,41.18081],[29.02558,41.18099],[29.02351,41.17941],[29.0234,41.17989],[29.02291,41.1797],[29.02232,41.17857],[29.0184,41.17603],[29.02133,41.17849],[29.01117,41.17093]],[[29.01386,41.1851],[29.01426,41.18586],[29.01508,41.18536],[29.01424,41.18457],[29.01386,41.1851]],[[29.01466,41.19814],[29.01567,41.20056],[29.01673,41.20035],[29.0178,41.2009],[29.01829,41.20056],[29.01698,41.19978],[29.01555,41.19987],[29.01593,41.19948],[29.01538,41.19876],[29.01613,41.19863],[29.01596,41.19754],[29.01466,41.19814]],[[29.01512,41.19536],[29.01548,41.19629],[29.01653,41.19639],[29.01646,41.19587],[29.01512,41.19536]],[[29.01798,41.19236],[29.01932,41.19299],[29.01876,41.19232],[29.01929,41.19188],[29.01882,41.19127],[29.01826,41.19145],[29.01798,41.19236]],[[29.01818,41.20123],[29.01982,41.20206],[29.02021,41.20115],[29.01937,41.20048],[29.01818,41.20123]],[[29.01882,41.19419],[29.01923,41.19472],[29.02116,41.1945],[29.02133,41.19414],[29.0196,41.1937],[29.01968,41.19397],[29.01882,41.19419]],[[29.02048,41.1853],[29.02129,41.18551],[29.02133,41.18488],[29.02048,41.1853]],[[29.02374,41.17845],[29.02592,41.17918],[29.02624,41.17895],[29.02568,41.17865],[29.02638,41.1786],[29.02553,41.17819],[29.02374,41.17845]]],[[[28.98838,41.17882],[28.98881,41.17653],[28.98932,41.17601],[28.98888,41.17659],[28.98885,41.17662],[28.98843,41.17881],[28.98838,41.17882]]],[[[28.8661,41.19879],[28.86689,41.19789],[28.86742,41.19818],[28.86816,41.19761],[28.86737,41.19734],[28.86819,41.19645],[28.87102,41.18612],[28.87106,41.19145],[28.87066,41.19183],[28.87108,41.19215],[28.87126,41.19651],[28.86993,41.19802],[28.86798,41.198],[28.8661,41.19879]]],[[[28.8814,41.19363],[28.88166,41.19275],[28.88305,41.19288],[28.88378,41.19439],[28.8814,41.19363]]],[[[28.93306,41.16578],[28.93353,41.16545],[28.93472,41.16554],[28.93479,41.16645],[28.93433,41.16656],[28.93306,41.16578]]],[[[28.95421,41.20771],[28.95457,41.2079],[28.95465,41.20803],[28.95441,41.2079],[28.95421,41.20771]]],[[[28.95853,41.1388],[28.95882,41.13766],[28.96356,41.13467],[28.96491,41.13517],[28.9654,41.13436],[28.96504,41.1341],[28.96603,41.13336],[28.96798,41.13298],[28.96919,41.13346],[28.96753,41.13352],[28.96693,41.13423],[28.96618,41.1358],[28.96755,41.13677],[28.96873,41.13698],[28.96923,41.13554],[28.97105,41.13474],[28.97258,41.13467],[28.97283,41.13509],[28.97063,41.13604],[28.96922,41.13797],[28.96877,41.13897],[28.96928,41.14022],[28.96257,41.13609],[28.96208,41.13642],[28.96206,41.13687],[28.96839,41.14081],[28.96806,41.1411],[28.96538,41.14064],[28.96522,41.13945],[28.96373,41.13794],[28.96138,41.13856],[28.95996,41.13988],[28.95853,41.1388]]],[[[28.9694,41.14027],[28.96996,41.13986],[28.9696,41.13864],[28.97094,41.13671],[28.97249,41.13846],[28.97135,41.13769],[28.97017,41.13982],[28.97031,41.14084],[28.9694,41.14027]]],[[[28.9697,41.14172],[28.97197,41.14309],[28.9712,41.14335],[28.9697,41.14172]]],[[[28.97389,41.14315],[28.97615,41.14309],[28.97677,41.14167],[28.97638,41.14046],[28.97667,41.1386],[28.97615,41.13759],[28.97496,41.13705],[28.9754,41.13511],[28.97615,41.13427],[28.98087,41.13064],[28.98603,41.13065],[28.98791,41.12978],[28.98867,41.12726],[28.98998,41.12701],[28.99117,41.1247],[28.99206,41.12467],[28.99241,41.12415],[28.99432,41.12386],[28.99548,41.12311],[28.99639,41.12325],[28.99703,41.12249],[29.00054,41.12367],[29.00033,41.12547],[29.00145,41.1238],[29.00592,41.12317],[29.00665,41.12422],[29.00655,41.12528],[29.00792,41.12631],[29.00802,41.12686],[29.00866,41.12731],[29.01068,41.12726],[29.00954,41.12988],[29.01093,41.13116],[29.01088,41.13286],[29.00913,41.13317],[29.00803,41.13397],[29.00514,41.13441],[29.0046,41.13555],[29.00549,41.13606],[29.00427,41.13801],[29.00446,41.13937],[29.0049,41.13937],[29.00243,41.14187],[29.00329,41.14322],[29.00269,41.14567],[29.0037,41.14778],[29.00224,41.14852],[29.00225,41.14998],[28.99849,41.15384],[28.99841,41.15523],[28.9929,41.15019],[28.99304,41.14976],[28.99245,41.14941],[28.98878,41.14297],[28.98831,41.14355],[28.98849,41.14612],[28.98726,41.14681],[28.98891,41.14729],[28.99022,41.14877],[28.99297,41.15057],[28.99832,41.15578],[28.99757,41.15666],[28.99633,41.15578],[28.99564,41.15583],[28.99433,41.15813],[28.9914,41.15594],[28.99161,41.1543],[28.99316,41.15579],[28.99337,41.15513],[28.99264,41.15466],[28.99346,41.15459],[28.99335,41.154],[28.99277,41.1538],[28.9932,41.1532],[28.9909,41.15298],[28.99039,41.15435],[28.98964,41.15311],[28.98906,41.15293],[28.98857,41.15394],[28.98079,41.14835],[28.97932,41.1456],[28.97696,41.14284],[28.97637,41.14494],[28.97389,41.14315]],[[28.98123,41.14682],[28.98202,41.14816],[28.98361,41.14808],[28.98327,41.14878],[28.98229,41.14855],[28.98209,41.14883],[28.98338,41.15008],[28.98503,41.14815],[28.98444,41.1469],[28.98369,41.14665],[28.98326,41.14699],[28.98152,41.14574],[28.98123,41.14682]],[[28.98233,41.14145],[28.98344,41.14221],[28.98459,41.14408],[28.98499,41.14254],[28.98467,41.14189],[28.98532,41.14108],[28.98233,41.14145]],[[28.98488,41.14224],[28.98566,41.14225],[28.98573,41.14276],[28.98637,41.14294],[28.98698,41.14188],[28.98676,41.14118],[28.98488,41.14224]],[[28.98709,41.13997],[28.98814,41.14119],[28.98956,41.14058],[28.98841,41.13936],[28.98709,41.13997]],[[28.99039,41.13527],[28.99087,41.13774],[28.99211,41.13947],[28.99313,41.13999],[28.99299,41.14046],[28.9945,41.14091],[28.99484,41.14096],[28.995,41.13908],[28.99771,41.13939],[29.0019,41.1381],[29.00076,41.13742],[28.99888,41.138],[28.99839,41.13888],[28.99716,41.13837],[28.99716,41.13666],[28.99666,41.13611],[28.99573,41.13596],[28.99631,41.13403],[28.99532,41.13368],[28.99244,41.13117],[28.99186,41.1331],[28.99298,41.13475],[28.99243,41.13496],[28.99168,41.13419],[28.99039,41.13527]],[[28.99283,41.14162],[28.99458,41.14392],[28.99402,41.14423],[28.99549,41.14551],[28.99558,41.14352],[28.99457,41.14118],[28.99283,41.14162]],[[28.99508,41.14189],[28.99581,41.14355],[28.99548,41.14731],[28.99608,41.14733],[28.99607,41.14803],[28.99697,41.14806],[28.99777,41.1489],[28.99743,41.14979],[28.99608,41.14966],[28.99649,41.15051],[28.99835,41.15104],[28.99818,41.14961],[28.99872,41.14919],[28.99829,41.14839],[28.99885,41.14791],[28.99807,41.14731],[28.99743,41.14361],[28.99508,41.14189]]],[[[28.99177,41.16599],[28.99345,41.1645],[28.99272,41.1616],[28.99336,41.1598],[28.99495,41.15829],[28.99584,41.15625],[28.99693,41.15729],[28.99848,41.15645],[28.99907,41.1539],[29.00268,41.14974],[29.00244,41.14862],[29.0041,41.14772],[29.0042,41.14713],[29.00295,41.14564],[29.00365,41.14346],[29.00278,41.14184],[29.00555,41.13906],[29.00628,41.13507],[29.00729,41.13528],[29.0093,41.13594],[29.01189,41.1378],[29.01475,41.14092],[29.0147,41.14171],[29.01288,41.1434],[29.01053,41.14248],[29.01187,41.14406],[29.01259,41.14631],[29.01055,41.14855],[29.00916,41.15177],[29.00335,41.15606],[29.00138,41.16021],[28.99767,41.16169],[28.99374,41.16525],[28.99206,41.1663],[28.99177,41.16599]],[[29.00618,41.14881],[29.00903,41.15082],[29.01052,41.14791],[29.00932,41.14741],[29.00794,41.14761],[29.00689,41.14785],[29.00677,41.14886],[29.00618,41.14881]]],[[[28.99379,41.17245],[28.99564,41.17211],[28.99573,41.17259],[28.995,41.17274],[28.99488,41.1732],[28.99684,41.17327],[28.99793,41.17437],[28.99695,41.17451],[28.9949,41.17374],[28.9942,41.1733],[28.9944,41.17269],[28.99379,41.17245]]]]}},{"type":"Feature","properties":{"id":"R20448972","name":"Polonezköy Tabiat Parkı","kind":"reserve","area_km2":28.49,"bbox":[29.15749,41.07476,29.23738,41.13833],"source":"OpenStreetMap relation 20448972","license":"ODbL 1.0"},"geometry":{"type":"MultiPolygon","coordinates":[[[[29.15749,41.12063],[29.15834,41.11843],[29.15785,41.11499],[29.15913,41.1122],[29.1598,41.10907],[29.16339,41.10827],[29.16253,41.10632],[29.1687,41.09952],[29.16936,41.09773],[29.1738,41.09763],[29.17694,41.09557],[29.17654,41.09416],[29.17716,41.09244],[29.17882,41.09158],[29.17905,41.09015],[29.17857,41.08988],[29.17957,41.08904],[29.17954,41.08708],[29.18344,41.08704],[29.18399,41.08534],[29.19206,41.08021],[29.19412,41.07937],[29.19664,41.07716],[29.20164,41.07476],[29.2043,41.07507],[29.20474,41.07669],[29.20452,41.07952],[29.2062,41.08154],[29.20756,41.08634],[29.20893,41.08791],[29.20881,41.091],[29.21254,41.09306],[29.21464,41.09252],[29.21708,41.0928],[29.22313,41.09673],[29.22328,41.09897],[29.22225,41.10142],[29.2226,41.10373],[29.22313,41.10438],[29.22821,41.10654],[29.23186,41.10702],[29.23272,41.1098],[29.2352,41.11068],[29.23614,41.11251],[29.23365,41.11365],[29.23149,41.1136],[29.23022,41.11399],[29.2306,41.11543],[29.22804,41.1173],[29.22848,41.1197],[29.22971,41.12061],[29.23106,41.12322],[29.2339,41.12308],[29.23632,41.12345],[29.23738,41.12679],[29.23719,41.12866],[29.2341,41.13548],[29.23233,41.13717],[29.2292,41.13833],[29.21351,41.13722],[29.21101,41.13583],[29.20722,41.13563],[29.20427,41.13224],[29.19606,41.13435],[29.19137,41.1305],[29.18858,41.13105],[29.18687,41.1301],[29.18543,41.13182],[29.18152,41.13071],[29.17949,41.12954],[29.178,41.12999],[29.17749,41.13154],[29.17248,41.13261],[29.16807,41.13083],[29.16447,41.12804],[29.16411,41.12645],[29.16251,41.12569],[29.1611,41.12363],[29.15749,41.12063]]]]}},{"type":"Feature","properties":{"id":"R13794225","name":"Ballıkayalar Tabiat Parkı","kind":"reserve","area_km2":20.3,"bbox":[29.50027,40.81353,29.55258,40.89486],"source":"OpenStreetMap relation 13794225","license":"ODbL 1.0"},"geometry":{"type":"MultiPolygon","coordinates":[[[[29.50027,40.85525],[29.50394,40.85053],[29.50367,40.84808],[29.50447,40.84534],[29.50365,40.84118],[29.50453,40.83904],[29.50603,40.83854],[29.50765,40.83724],[29.50838,40.83221],[29.50927,40.83041],[29.51289,40.8272],[29.51596,40.82354],[29.51804,40.82233],[29.51829,40.82115],[29.51507,40.81804],[29.51592,40.81479],[29.51833,40.81636],[29.51933,40.81544],[29.5213,40.81515],[29.52284,40.81353],[29.52489,40.81372],[29.52787,40.81531],[29.53013,40.81545],[29.53161,40.81619],[29.53542,40.81876],[29.53859,40.82206],[29.54026,40.82173],[29.54189,40.82045],[29.54303,40.82109],[29.54364,40.82184],[29.5467,40.82355],[29.54414,40.82428],[29.53863,40.82681],[29.53484,40.82964],[29.53182,40.83054],[29.53088,40.83152],[29.52984,40.8315],[29.52817,40.83039],[29.52732,40.83096],[29.5279,40.83233],[29.52695,40.83363],[29.52425,40.83508],[29.52458,40.83594],[29.52893,40.83709],[29.53138,40.83753],[29.53479,40.83703],[29.53777,40.83812],[29.54253,40.84227],[29.53994,40.84466],[29.53661,40.84655],[29.53719,40.85168],[29.53626,40.85322],[29.53655,40.85614],[29.538,40.85789],[29.54197,40.87047],[29.54109,40.87266],[29.54176,40.87372],[29.54477,40.87571],[29.54496,40.87837],[29.54681,40.87952],[29.5501,40.884],[29.55258,40.88592],[29.55017,40.88614],[29.54798,40.88815],[29.54112,40.88361],[29.53848,40.88059],[29.53563,40.87953],[29.53335,40.87555],[29.53161,40.87447],[29.53018,40.87522],[29.52747,40.8783],[29.51793,40.89311],[29.51497,40.89355],[29.51249,40.89467],[29.51074,40.89486],[29.50924,40.89242],[29.50915,40.88847],[29.50463,40.88571],[29.5043,40.88514],[29.50471,40.88402],[29.50681,40.88248],[29.50787,40.88063],[29.51,40.87344],[29.50988,40.86797],[29.50775,40.86431],[29.50334,40.86047],[29.50027,40.85525]]]]}},{"type":"Feature","properties":{"id":"R7656336","name":"Aydos Ormanı","kind":"forest","area_km2":16.275,"bbox":[29.21721,40.90751,29.27339,40.96491],"source":"OpenStreetMap relation 7656336","license":"ODbL 1.0"},"geometry":{"type":"MultiPolygon","coordinates":[[[[29.21721,40.94296],[29.21796,40.94255],[29.21791,40.9419],[29.21846,40.94178],[29.21749,40.94166],[29.21838,40.94033],[29.21762,40.93969],[29.21865,40.93946],[29.21988,40.93804],[29.2208,40.93801],[29.21948,40.93535],[29.22062,40.93366],[29.22037,40.93284],[29.22091,40.93287],[29.22181,40.92953],[29.22315,40.93035],[29.22367,40.92971],[29.22219,40.92914],[29.224,40.92896],[29.22382,40.92944],[29.22462,40.92971],[29.22713,40.92759],[29.22697,40.92674],[29.2278,40.9258],[29.22777,40.9247],[29.2291,40.92308],[29.23082,40.92297],[29.23013,40.92272],[29.23033,40.92236],[29.23212,40.92231],[29.23199,40.92079],[29.23012,40.91991],[29.23144,40.91893],[29.23143,40.91729],[29.2308,40.91713],[29.23025,40.91781],[29.22894,40.91682],[29.2302,40.91598],[29.23232,40.9157],[29.23557,40.91457],[29.2361,40.91361],[29.23559,40.9131],[29.23857,40.91089],[29.23884,40.90982],[29.2385,40.91012],[29.2392,40.90924],[29.24129,40.90901],[29.24527,40.90751],[29.24576,40.91158],[29.2448,40.91303],[29.24353,40.91371],[29.24492,40.91501],[29.24349,40.91648],[29.243,40.91846],[29.24241,40.91843],[29.24169,40.91906],[29.23916,40.91837],[29.23707,40.91958],[29.23643,40.92132],[29.23419,40.923],[29.23582,40.92424],[29.23654,40.924],[29.24052,40.92441],[29.24117,40.92552],[29.24118,40.92652],[29.23971,40.92832],[29.23934,40.92805],[29.23722,40.92889],[29.23648,40.92982],[29.23857,40.93153],[29.2386,40.93208],[29.23759,40.93279],[29.23691,40.93273],[29.23743,40.93341],[29.23904,40.93273],[29.24075,40.92995],[29.2413,40.92984],[29.24067,40.9295],[29.23901,40.93157],[29.23844,40.93037],[29.23958,40.92876],[29.24191,40.9287],[29.24239,40.92787],[29.24562,40.92796],[29.24787,40.92705],[29.24858,40.92719],[29.25028,40.92527],[29.24965,40.92471],[29.25019,40.92424],[29.25164,40.92573],[29.25286,40.92588],[29.25642,40.92494],[29.26058,40.92469],[29.26392,40.9235],[29.26375,40.92482],[29.26431,40.92494],[29.26568,40.92391],[29.26893,40.92534],[29.27284,40.92928],[29.27339,40.93407],[29.27103,40.93525],[29.27021,40.93653],[29.26871,40.94437],[29.26796,40.94488],[29.26625,40.94345],[29.26581,40.94416],[29.26795,40.94565],[29.2681,40.94691],[29.26756,40.94773],[29.26647,40.94815],[29.26534,40.94806],[29.26626,40.94883],[29.26606,40.95025],[29.26546,40.9514],[29.26476,40.95044],[29.26402,40.95068],[29.26524,40.95251],[29.26447,40.95376],[29.26219,40.95205],[29.26358,40.95359],[29.26206,40.95482],[29.25917,40.95544],[29.25725,40.95489],[29.25658,40.95527],[29.25588,40.95345],[29.25539,40.95333],[29.2563,40.95526],[29.25557,40.9549],[29.25504,40.95668],[29.25341,40.95799],[29.25201,40.95821],[29.25179,40.95956],[29.25096,40.96062],[29.2484,40.96108],[29.24717,40.9617],[29.24667,40.96392],[29.24532,40.96491],[29.24503,40.96228],[29.244,40.96213],[29.24185,40.95945],[29.24036,40.95914],[29.23693,40.95994],[29.23628,40.95902],[29.23505,40.95935],[29.23568,40.96007],[29.23483,40.96046],[29.23546,40.9612],[29.23294,40.9623],[29.23262,40.96304],[29.23224,40.96233],[29.23022,40.96143],[29.23093,40.96004],[29.23052,40.95941],[29.23082,40.959],[29.2301,40.95873],[29.22989,40.95722],[29.23031,40.9571],[29.23043,40.95379],[29.23123,40.95334],[29.2308,40.95333],[29.23005,40.95219],[29.22974,40.95256],[29.2301,40.95296],[29.22902,40.95434],[29.22945,40.95581],[29.22823,40.95821],[29.22874,40.95931],[29.2284,40.96053],[29.2277,40.96115],[29.22492,40.96185],[29.22378,40.96189],[29.22228,40.96126],[29.22258,40.95964],[29.22147,40.95978],[29.22226,40.95518],[29.2208,40.95018],[29.22111,40.94899],[29.22044,40.94982],[29.2183,40.94753],[29.21846,40.94539],[29.21749,40.94446],[29.21721,40.94296]],[[29.22169,40.93918],[29.22177,40.93961],[29.22246,40.93977],[29.22288,40.9388],[29.22236,40.93859],[29.22169,40.93918]],[[29.25662,40.94888],[29.25797,40.95043],[29.25955,40.9502],[29.25948,40.94965],[29.25833,40.94895],[29.25662,40.94888]]],[[[29.25039,40.92412],[29.25172,40.9237],[29.25373,40.92421],[29.25319,40.92475],[29.25325,40.92565],[29.25172,40.92559],[29.25039,40.92412]]],[[[29.26806,40.94504],[29.26872,40.94453],[29.26886,40.94496],[29.26813,40.94554],[29.26806,40.94504]]]]}},{"type":"Feature","properties":{"id":"R14372445","name":"Karaağıl Devlet Ormanı","kind":"forest","area_km2":15.162,"bbox":[29.40321,40.9327,29.4559,40.98066],"source":"OpenStreetMap relation 14372445","license":"ODbL 1.0"},"geometry":{"type":"MultiPolygon","coordinates":[[[[29.40321,40.96695],[29.40367,40.9671],[29.40484,40.96545],[29.40549,40.96606],[29.40574,40.96509],[29.4077,40.96654],[29.40973,40.96568],[29.40788,40.96368],[29.40818,40.96318],[29.40917,40.96397],[29.40968,40.96349],[29.41133,40.96494],[29.41329,40.96562],[29.4176,40.96468],[29.41763,40.96587],[29.41965,40.96577],[29.41941,40.96497],[29.42084,40.95893],[29.41925,40.95466],[29.4107,40.95192],[29.40997,40.95083],[29.40814,40.95006],[29.40771,40.95033],[29.40697,40.9498],[29.4037,40.94974],[29.40541,40.94299],[29.40765,40.94173],[29.41563,40.93463],[29.4173,40.93375],[29.4176,40.93482],[29.41855,40.93524],[29.4191,40.93501],[29.41943,40.93406],[29.42402,40.93281],[29.42611,40.93351],[29.42763,40.93277],[29.42917,40.9327],[29.42958,40.93473],[29.43095,40.93631],[29.43329,40.93777],[29.43762,40.93713],[29.4377,40.93757],[29.43536,40.9389],[29.43282,40.93934],[29.43206,40.93989],[29.43155,40.9397],[29.4324,40.94093],[29.43306,40.94073],[29.43297,40.94025],[29.43668,40.94144],[29.4376,40.94112],[29.43899,40.93975],[29.4403,40.94053],[29.44043,40.94104],[29.44168,40.94032],[29.44329,40.94011],[29.44254,40.94068],[29.44342,40.94154],[29.44273,40.94218],[29.44943,40.94197],[29.44817,40.94467],[29.45017,40.94494],[29.4512,40.94406],[29.45261,40.94428],[29.45506,40.94845],[29.4558,40.95108],[29.45586,40.95324],[29.45548,40.95367],[29.45492,40.95329],[29.45383,40.95348],[29.45521,40.95389],[29.45526,40.95537],[29.45573,40.9557],[29.45462,40.95897],[29.4536,40.9595],[29.45478,40.9609],[29.45519,40.96276],[29.45469,40.96388],[29.4558,40.96598],[29.45512,40.96781],[29.45447,40.96809],[29.4559,40.96939],[29.45503,40.96942],[29.45483,40.97125],[29.45417,40.97172],[29.45514,40.97622],[29.45351,40.9779],[29.45396,40.9787],[29.45365,40.98066],[29.45233,40.97907],[29.44616,40.97587],[29.44177,40.97508],[29.42976,40.97478],[29.42902,40.97543],[29.42946,40.97586],[29.43152,40.97653],[29.43308,40.9762],[29.43213,40.97723],[29.43071,40.97712],[29.42976,40.97737],[29.42915,40.9784],[29.42797,40.97832],[29.42709,40.97793],[29.42799,40.97715],[29.42775,40.97553],[29.42707,40.97554],[29.42569,40.97724],[29.4256,40.97629],[29.42391,40.97494],[29.4238,40.97411],[29.41931,40.9734],[29.41674,40.97425],[29.41638,40.97641],[29.41568,40.97654],[29.41523,40.97738],[29.41483,40.97724],[29.41547,40.97584],[29.41569,40.97272],[29.41125,40.97178],[29.4105,40.97265],[29.41025,40.97431],[29.40938,40.975],[29.40866,40.97489],[29.40978,40.97396],[29.40961,40.97314],[29.40762,40.9718],[29.40723,40.97093],[29.40602,40.97066],[29.40321,40.96695]],[[29.40748,40.97099],[29.40992,40.97309],[29.40996,40.97196],[29.41049,40.97166],[29.40748,40.97099]],[[29.41014,40.94025],[29.41178,40.94137],[29.41123,40.94216],[29.41226,40.94229],[29.41182,40.94306],[29.41228,40.94485],[29.41278,40.94495],[29.41368,40.9445],[29.41332,40.94294],[29.41445,40.94263],[29.41415,40.94181],[29.41208,40.9398],[29.41046,40.9398],[29.41014,40.94025]],[[29.41357,40.94065],[29.41431,40.94139],[29.41471,40.94091],[29.41411,40.94016],[29.41361,40.94019],[29.41357,40.94065]],[[29.41433,40.94202],[29.4167,40.9443],[29.41786,40.94245],[29.41748,40.93944],[29.41625,40.9394],[29.41433,40.94202]],[[29.43142,40.96848],[29.43355,40.9707],[29.43439,40.97088],[29.43837,40.96927],[29.43629,40.96722],[29.43465,40.96702],[29.43196,40.96788],[29.43142,40.96848]],[[29.45004,40.9632],[29.45266,40.96335],[29.45234,40.96201],[29.4508,40.9619],[29.45004,40.9632]],[[29.45111,40.96696],[29.4513,40.96804],[29.45194,40.96841],[29.45433,40.96854],[29.45352,40.96721],[29.45202,40.96728],[29.45261,40.96725],[29.45208,40.96615],[29.45189,40.96686],[29.45111,40.96696]],[[29.45209,40.9693],[29.45211,40.96994],[29.4527,40.96991],[29.4533,40.97078],[29.45438,40.97052],[29.45364,40.96927],[29.45292,40.96894],[29.45209,40.9693]],[[29.45257,40.95049],[29.45333,40.95139],[29.45496,40.9513],[29.45436,40.9504],[29.45257,40.95049]],[[29.45264,40.96145],[29.45432,40.96388],[29.45498,40.96266],[29.45473,40.96146],[29.45348,40.96002],[29.45264,40.96145]],[[29.4532,40.95806],[29.45435,40.95771],[29.45534,40.95547],[29.45463,40.95528],[29.4539,40.95613],[29.4532,40.95806]],[[29.45326,40.96486],[29.45403,40.96571],[29.45399,40.96496],[29.45326,40.96486]],[[29.45435,40.96578],[29.45484,40.96738],[29.45487,40.96503],[29.45448,40.96504],[29.45435,40.96578]]]]}},{"type":"Feature","properties":{"id":"W1353138502","name":"İstanbul Sarıyer Feneryolu Yaban Hayatı Geliştirme Sahası","kind":"reserve","area_km2":14.562,"bbox":[29.05117,41.19205,29.10419,41.25358],"source":"OpenStreetMap way 1353138502","license":"ODbL 1.0"},"geometry":{"type":"MultiPolygon","coordinates":[[[[29.05117,41.20271],[29.05166,41.20079],[29.05281,41.19988],[29.05818,41.20008],[29.06093,41.19973],[29.06546,41.19816],[29.06633,41.19827],[29.06825,41.19645],[29.07143,41.1949],[29.07426,41.19205],[29.0759,41.19398],[29.07832,41.19579],[29.08099,41.20033],[29.0813,41.2027],[29.08391,41.20796],[29.08656,41.2119],[29.08893,41.21382],[29.09,41.21558],[29.09362,41.21809],[29.10419,41.2229],[29.10321,41.22429],[29.09936,41.22728],[29.09356,41.23084],[29.09088,41.23345],[29.09127,41.23565],[29.09057,41.24108],[29.09179,41.24387],[29.09173,41.24668],[29.09015,41.24782],[29.08865,41.24779],[29.08711,41.24656],[29.08487,41.24577],[29.08478,41.24786],[29.08341,41.24955],[29.08382,41.24996],[29.08335,41.25021],[29.08166,41.2491],[29.07984,41.24902],[29.07915,41.24951],[29.07952,41.25129],[29.07879,41.25303],[29.07794,41.25358],[29.07566,41.25148],[29.07553,41.24993],[29.07387,41.24996],[29.07175,41.24785],[29.07113,41.24549],[29.06785,41.23893],[29.06681,41.23353],[29.06491,41.2307],[29.06378,41.22757],[29.0577,41.22243],[29.05515,41.21646],[29.05444,41.21147],[29.05184,41.20657],[29.05117,41.20271]]]]}},{"type":"Feature","properties":{"id":"R20234871","name":"İstanbul Üniversitesi Orman Fakültesi Araştırma ve Uygulama Ormanı","kind":"reserve","area_km2":3.677,"bbox":[28.99056,41.14154,29.03023,41.1702],"source":"OpenStreetMap relation 20234871","license":"ODbL 1.0"},"geometry":{"type":"MultiPolygon","coordinates":[[[[28.99056,41.16726],[28.99061,41.16707],[28.99234,41.16615],[28.99512,41.16419],[28.99635,41.16255],[28.99767,41.16169],[29.00138,41.16021],[29.00169,41.15989],[29.00335,41.15606],[29.00916,41.15177],[29.01055,41.14855],[29.01149,41.14722],[29.01259,41.14631],[29.01339,41.14637],[29.01617,41.14737],[29.01682,41.14744],[29.01769,41.14728],[29.0206,41.1456],[29.02147,41.14416],[29.0239,41.14178],[29.02529,41.14192],[29.02563,41.14182],[29.02582,41.14228],[29.0281,41.14154],[29.02774,41.1475],[29.03023,41.15183],[29.0299,41.15236],[29.02368,41.15406],[29.0235,41.15441],[29.02137,41.15583],[29.02112,41.15626],[29.01952,41.15727],[29.01972,41.15756],[29.01825,41.1585],[29.01886,41.1591],[29.01794,41.15956],[29.0178,41.15977],[29.01794,41.16018],[29.01337,41.16245],[29.01313,41.1623],[29.01103,41.16321],[29.0092,41.16437],[29.00688,41.16526],[29.00723,41.16604],[28.99899,41.16776],[28.99848,41.16848],[28.99792,41.16887],[28.99608,41.16887],[28.99398,41.16776],[28.99378,41.16795],[28.99381,41.16841],[28.99433,41.16908],[28.99426,41.16935],[28.99364,41.16964],[28.99178,41.16982],[28.99118,41.1702],[28.99056,41.16726]]]]}},{"type":"Feature","properties":{"id":"R20065162","name":"Şamlar Tabiat Parkı","kind":"reserve","area_km2":2.676,"bbox":[28.73774,41.13123,28.78037,41.15512],"source":"OpenStreetMap relation 20065162","license":"ODbL 1.0"},"geometry":{"type":"MultiPolygon","coordinates":[[[[28.73774,41.1356],[28.73775,41.13421],[28.73973,41.13297],[28.74067,41.13263],[28.74206,41.13303],[28.74369,41.13308],[28.74443,41.13324],[28.74444,41.13339],[28.74575,41.13353],[28.74631,41.13373],[28.74675,41.13421],[28.74853,41.13259],[28.75003,41.13172],[28.75157,41.13236],[28.75308,41.13201],[28.75394,41.13214],[28.7546,41.13123],[28.75752,41.13198],[28.7575,41.1315],[28.75978,41.13318],[28.76199,41.13564],[28.76344,41.13684],[28.76557,41.13781],[28.77175,41.14011],[28.77356,41.14163],[28.77396,41.14239],[28.77439,41.14267],[28.77923,41.14789],[28.78037,41.14887],[28.78026,41.1493],[28.77969,41.14938],[28.77942,41.15015],[28.77911,41.15046],[28.77672,41.1515],[28.77531,41.15331],[28.775,41.15436],[28.77464,41.15443],[28.77349,41.15404],[28.77256,41.1535],[28.77183,41.1534],[28.7695,41.15381],[28.76729,41.15504],[28.76603,41.15512],[28.76584,41.155],[28.76569,41.15399],[28.76702,41.15218],[28.76783,41.15069],[28.76804,41.14752],[28.76813,41.147],[28.7685,41.14703],[28.76867,41.14661],[28.76856,41.14613],[28.76979,41.14669],[28.77042,41.14658],[28.77285,41.14545],[28.77352,41.14489],[28.77386,41.14386],[28.77272,41.14381],[28.77257,41.14364],[28.77265,41.14249],[28.77057,41.14014],[28.76872,41.14079],[28.76631,41.14314],[28.76507,41.14286],[28.76529,41.14171],[28.76751,41.13984],[28.76745,41.13958],[28.76387,41.13848],[28.76294,41.1392],[28.76228,41.1401],[28.76235,41.14141],[28.76175,41.14144],[28.76107,41.14066],[28.75775,41.14045],[28.75632,41.14073],[28.75498,41.14145],[28.75273,41.14223],[28.7519,41.14275],[28.75176,41.14366],[28.74992,41.14363],[28.7487,41.14338],[28.74799,41.1436],[28.7473,41.14316],[28.747,41.14266],[28.74675,41.14046],[28.74608,41.14058],[28.74566,41.14024],[28.74517,41.13788],[28.74372,41.13573],[28.74232,41.13505],[28.74029,41.13472],[28.73774,41.1356]]]]}},{"type":"Feature","properties":{"id":"R20234872","name":"Parkorman Tabiat Parkı","kind":"reserve","area_km2":1.525,"bbox":[29.00718,41.11896,29.02443,41.13323],"source":"OpenStreetMap relation 20234872","license":"ODbL 1.0"},"geometry":{"type":"MultiPolygon","coordinates":[[[[29.00718,41.12207],[29.00753,41.12169],[29.0072,41.12129],[29.00735,41.12132],[29.00738,41.12113],[29.00861,41.12114],[29.0108,41.11969],[29.01094,41.11989],[29.01155,41.1198],[29.01345,41.11896],[29.01433,41.11903],[29.01578,41.11962],[29.01702,41.11942],[29.01764,41.11949],[29.01812,41.11999],[29.0181,41.1207],[29.01844,41.12081],[29.01923,41.12035],[29.02025,41.12017],[29.02215,41.12028],[29.02214,41.12058],[29.02276,41.12059],[29.02275,41.12031],[29.02385,41.12034],[29.02368,41.12188],[29.02351,41.122],[29.02365,41.12209],[29.02343,41.12438],[29.02358,41.12694],[29.02339,41.12695],[29.02339,41.12716],[29.02363,41.1272],[29.02443,41.132],[29.02341,41.13136],[29.02357,41.13172],[29.02345,41.13219],[29.02367,41.13253],[29.02355,41.13274],[29.02291,41.13323],[29.02199,41.13315],[29.02109,41.13289],[29.02033,41.13245],[29.01987,41.1319],[29.0197,41.13183],[29.01961,41.13196],[29.01835,41.13158],[29.01669,41.1306],[29.01611,41.13055],[29.01452,41.13111],[29.01421,41.13109],[29.01395,41.13091],[29.0136,41.12989],[29.01295,41.12929],[29.01271,41.12937],[29.01218,41.13013],[29.01143,41.1299],[29.01108,41.1291],[29.01154,41.12823],[29.01192,41.12815],[29.01324,41.12842],[29.0134,41.12831],[29.012,41.128],[29.01162,41.12772],[29.01163,41.12728],[29.01128,41.12672],[29.01065,41.12643],[29.00881,41.12644],[29.00787,41.12566],[29.00781,41.12437],[29.00728,41.12309],[29.0079,41.12265],[29.0084,41.12257],[29.00838,41.12221],[29.0081,41.12212],[29.00725,41.12233],[29.00718,41.12207]],[[29.02028,41.12737],[29.02049,41.12754],[29.02077,41.12733],[29.02055,41.12723],[29.02028,41.12737]],[[29.0206,41.12666],[29.02105,41.12686],[29.02103,41.12746],[29.02076,41.12766],[29.02107,41.12755],[29.02142,41.1276],[29.02152,41.12782],[29.02184,41.12774],[29.02187,41.12701],[29.0216,41.12699],[29.02173,41.12671],[29.02074,41.12639],[29.0206,41.12666]],[[29.02213,41.12816],[29.02266,41.12846],[29.02257,41.12813],[29.02231,41.12803],[29.02213,41.12816]]]]}},{"type":"Feature","properties":{"id":"W164152749","name":"Beylikdağı Şehir Ormanı","kind":"forest","area_km2":1.167,"bbox":[29.4053,40.79863,29.41754,40.81421],"source":"OpenStreetMap way 164152749","license":"ODbL 1.0"},"geometry":{"type":"MultiPolygon","coordinates":[[[[29.4053,40.80591],[29.4057,40.80457],[29.40723,40.80461],[29.40862,40.80553],[29.40913,40.80526],[29.40928,40.80428],[29.40886,40.80306],[29.40772,40.80218],[29.40705,40.80068],[29.40712,40.79978],[29.40815,40.79978],[29.40819,40.79863],[29.41152,40.79928],[29.41401,40.80033],[29.41439,40.80077],[29.41453,40.80226],[29.41597,40.80497],[29.41486,40.80823],[29.41496,40.8094],[29.41754,40.81298],[29.41717,40.81308],[29.41688,40.81295],[29.41673,40.81323],[29.41545,40.81356],[29.41139,40.81416],[29.40913,40.81421],[29.40866,40.81405],[29.40627,40.81195],[29.40681,40.81093],[29.4055,40.8094],[29.4053,40.80591]]]]}},{"type":"Feature","properties":{"id":"R15430419","name":"Gaziler Dağı Mesire Alanı","kind":"forest","area_km2":1.143,"bbox":[29.41655,40.81642,29.43233,40.83177],"source":"OpenStreetMap relation 15430419","license":"ODbL 1.0"},"geometry":{"type":"MultiPolygon","coordinates":[[[[29.41655,40.81654],[29.41663,40.81642],[29.42137,40.81693],[29.42234,40.81646],[29.42383,40.81715],[29.42565,40.81727],[29.42635,40.81764],[29.42663,40.81712],[29.42737,40.81727],[29.42736,40.81742],[29.42789,40.81744],[29.42908,40.81892],[29.42693,40.82033],[29.42718,40.82099],[29.42765,40.8212],[29.43217,40.81984],[29.43233,40.82142],[29.4291,40.82307],[29.42908,40.82328],[29.4322,40.82513],[29.432,40.82828],[29.43146,40.82911],[29.43112,40.83011],[29.4306,40.83058],[29.429,40.83105],[29.42819,40.8316],[29.42708,40.83177],[29.42471,40.82857],[29.42399,40.82816],[29.42274,40.82593],[29.42061,40.82396],[29.42139,40.82371],[29.4206,40.82187],[29.42036,40.82063],[29.42056,40.81953],[29.42043,40.81897],[29.42015,40.81876],[29.41926,40.81868],[29.41898,40.81792],[29.41655,40.81654]],[[29.4262,40.82038],[29.42661,40.82064],[29.42671,40.82055],[29.4263,40.82029],[29.4262,40.82038]]]]}},{"type":"Feature","properties":{"id":"W1222347070","name":"Bahçeköy Geyik Üretim İstasyonu","kind":"reserve","area_km2":0.943,"bbox":[28.94819,41.19266,28.9607,41.20342],"source":"OpenStreetMap way 1222347070","license":"ODbL 1.0"},"geometry":{"type":"MultiPolygon","coordinates":[[[[28.94819,41.19921],[28.95026,41.19531],[28.95101,41.19459],[28.95399,41.1938],[28.95468,41.19374],[28.95614,41.19402],[28.95677,41.19391],[28.96047,41.19266],[28.96047,41.19544],[28.96017,41.19702],[28.96034,41.19969],[28.9607,41.2004],[28.96007,41.20132],[28.95702,41.20282],[28.95242,41.20342],[28.94828,41.20266],[28.94852,41.20145],[28.94819,41.19921]]]]}},{"type":"Feature","properties":{"id":"R20234873","name":"Mehmet Akif Ersoy Tabiat Parkı","kind":"reserve","area_km2":0.778,"bbox":[28.99161,41.16646,29.00977,41.17486],"source":"OpenStreetMap relation 20234873","license":"ODbL 1.0"},"geometry":{"type":"MultiPolygon","coordinates":[[[[28.99161,41.17043],[28.9919,41.16987],[28.99364,41.16964],[28.99426,41.16935],[28.99433,41.16908],[28.99381,41.16841],[28.99378,41.16795],[28.99398,41.16776],[28.99608,41.16887],[28.99792,41.16887],[28.99786,41.16944],[28.99808,41.17009],[28.99889,41.17011],[29.0032,41.16691],[29.00494,41.16646],[29.00948,41.16978],[29.00977,41.1708],[29.00956,41.17106],[29.00801,41.1717],[29.00692,41.17267],[29.0066,41.17271],[29.00506,41.17206],[29.00337,41.17269],[29.00371,41.17325],[29.00522,41.17382],[29.00528,41.17407],[29.0043,41.1743],[29.0036,41.17424],[29.00278,41.17378],[29.00162,41.17342],[28.99947,41.1733],[28.99916,41.17271],[28.99903,41.17133],[28.99882,41.17118],[28.99818,41.17125],[28.99779,41.17149],[28.9975,41.17216],[28.99768,41.17348],[28.99818,41.17447],[28.99793,41.17481],[28.99651,41.17486],[28.99491,41.17471],[28.99395,41.17444],[28.99344,41.17403],[28.99265,41.17269],[28.99203,41.17282],[28.99161,41.17043]]]]}},{"type":"Feature","properties":{"id":"W1356249624","name":"Falih Rıfkı Atay Tabiat Parkı","kind":"reserve","area_km2":0.593,"bbox":[28.96022,41.18744,28.969,41.19638],"source":"OpenStreetMap way 1356249624","license":"ODbL 1.0"},"geometry":{"type":"MultiPolygon","coordinates":[[[[28.96022,41.18888],[28.96084,41.1882],[28.96221,41.18765],[28.96473,41.18744],[28.9675,41.18774],[28.96841,41.18961],[28.96785,41.19185],[28.96825,41.19246],[28.96824,41.19309],[28.96891,41.19355],[28.969,41.1949],[28.96745,41.19551],[28.96381,41.1963],[28.96259,41.19638],[28.96036,41.1962],[28.96065,41.19548],[28.96072,41.19248],[28.96102,41.19185],[28.96094,41.19094],[28.96022,41.18888]]]]}},{"type":"Feature","properties":{"id":"W1356063070","name":"Ayvat Bendi Tabiat Parkı","kind":"reserve","area_km2":0.541,"bbox":[28.91734,41.19578,28.93004,41.20632],"source":"OpenStreetMap way 1356063070","license":"ODbL 1.0"},"geometry":{"type":"MultiPolygon","coordinates":[[[[28.91734,41.20208],[28.91793,41.2002],[28.91812,41.19578],[28.91969,41.19691],[28.92004,41.19811],[28.92053,41.19868],[28.92071,41.19848],[28.92156,41.19873],[28.92251,41.19964],[28.92576,41.20159],[28.9265,41.20226],[28.92879,41.20307],[28.92974,41.2038],[28.93004,41.20425],[28.92813,41.20543],[28.92615,41.20612],[28.92443,41.20632],[28.92329,41.20613],[28.92053,41.20443],[28.91931,41.20323],[28.91734,41.20208]]]]}},{"type":"Feature","properties":{"id":"W569310851","name":"Emirgan Korusu","kind":"koru","area_km2":0.424,"bbox":[29.04759,41.10532,29.05805,41.11267],"source":"OpenStreetMap way 569310851","license":"ODbL 1.0"},"geometry":{"type":"MultiPolygon","coordinates":[[[[29.04759,41.10619],[29.04882,41.10582],[29.04902,41.10591],[29.04919,41.10587],[29.04924,41.10559],[29.05011,41.10535],[29.05156,41.10532],[29.05234,41.10587],[29.05281,41.1057],[29.05387,41.10671],[29.05474,41.10657],[29.05503,41.1071],[29.05552,41.10695],[29.05621,41.10696],[29.05633,41.1071],[29.05646,41.10789],[29.05681,41.10918],[29.05805,41.10949],[29.05726,41.11146],[29.05749,41.11226],[29.05729,41.11255],[29.05685,41.11267],[29.05638,41.11261],[29.05613,41.1125],[29.05601,41.11215],[29.05577,41.11198],[29.05177,41.11063],[29.05168,41.11066],[29.05115,41.11052],[29.05064,41.11046],[29.04959,41.11043],[29.04878,41.1105],[29.0487,41.11046],[29.04835,41.10933],[29.04759,41.10619]]]]}},{"type":"Feature","properties":{"id":"W1356060150","name":"Bentler Tabiat Parkı","kind":"reserve","area_km2":0.419,"bbox":[28.98688,41.18411,28.99502,41.19252],"source":"OpenStreetMap way 1356060150","license":"ODbL 1.0"},"geometry":{"type":"MultiPolygon","coordinates":[[[[28.98688,41.18913],[28.98693,41.18854],[28.98709,41.18797],[28.98884,41.18583],[28.98886,41.18548],[28.98829,41.18474],[28.98835,41.1845],[28.98949,41.18411],[28.99037,41.18412],[28.9908,41.18419],[28.99367,41.18647],[28.99401,41.18702],[28.99376,41.18757],[28.99403,41.18805],[28.99398,41.18906],[28.99432,41.18993],[28.99459,41.19018],[28.99498,41.19037],[28.99502,41.19065],[28.99491,41.19104],[28.99427,41.19124],[28.99384,41.19132],[28.99358,41.19174],[28.99329,41.19204],[28.99237,41.19216],[28.99181,41.19215],[28.99107,41.19205],[28.99033,41.19226],[28.98972,41.19252],[28.98885,41.19241],[28.98865,41.19174],[28.98863,41.19144],[28.98873,41.19103],[28.98815,41.19079],[28.98774,41.19035],[28.98748,41.19017],[28.98736,41.18976],[28.98717,41.18959],[28.98688,41.18913]]]]}},{"type":"Feature","properties":{"id":"W883967369","name":"Mihrabat Korusu","kind":"koru","area_km2":0.38,"bbox":[29.0656,41.09277,29.08122,41.09734],"source":"OpenStreetMap way 883967369","license":"ODbL 1.0"},"geometry":{"type":"MultiPolygon","coordinates":[[[[29.0656,41.09586],[29.06584,41.09577],[29.06631,41.09587],[29.06646,41.09583],[29.06767,41.09512],[29.06782,41.09472],[29.06764,41.09377],[29.06778,41.09353],[29.06813,41.09333],[29.07182,41.09283],[29.07312,41.09277],[29.07473,41.09292],[29.07633,41.0937],[29.07756,41.094],[29.0781,41.09401],[29.07838,41.09441],[29.07884,41.09481],[29.07909,41.09524],[29.07932,41.09537],[29.08008,41.09548],[29.08039,41.09573],[29.08122,41.09678],[29.08108,41.0969],[29.0807,41.09701],[29.07899,41.09734],[29.07894,41.09712],[29.07934,41.09643],[29.07919,41.09637],[29.07875,41.09631],[29.07823,41.09631],[29.07786,41.09648],[29.07731,41.09634],[29.07629,41.09655],[29.07617,41.09637],[29.07507,41.09624],[29.07505,41.096],[29.07432,41.09602],[29.07373,41.09612],[29.07362,41.09662],[29.07199,41.09642],[29.07095,41.09667],[29.07046,41.09672],[29.07033,41.09671],[29.06991,41.09652],[29.06936,41.09668],[29.06874,41.0967],[29.06854,41.09688],[29.06742,41.09692],[29.06731,41.09656],[29.0667,41.09669],[29.06646,41.09679],[29.0656,41.09586]]]]}},{"type":"Feature","properties":{"id":"R18639532","name":"Fatih Çeşmesi Tabiat Parkı","kind":"reserve","area_km2":0.351,"bbox":[28.94152,41.16821,28.9503,41.17454],"source":"OpenStreetMap relation 18639532","license":"ODbL 1.0"},"geometry":{"type":"MultiPolygon","coordinates":[[[[28.94152,41.16821],[28.94303,41.1684],[28.94639,41.16866],[28.9468,41.16886],[28.94711,41.16913],[28.94755,41.16939],[28.94888,41.16991],[28.94926,41.16991],[28.9503,41.16936],[28.94965,41.17126],[28.94768,41.17454],[28.94741,41.17453],[28.94624,41.17337],[28.94567,41.17337],[28.94337,41.17436],[28.94295,41.17426],[28.94247,41.17356],[28.94202,41.17274],[28.94166,41.17069],[28.94152,41.16821]]]]}},{"type":"Feature","properties":{"id":"W144213285","name":"Çekmeköy Rahmi Demir Kent Ormanı","kind":"forest","area_km2":0.332,"bbox":[29.18059,41.03503,29.1918,41.03997],"source":"OpenStreetMap way 144213285","license":"ODbL 1.0"},"geometry":{"type":"MultiPolygon","coordinates":[[[[29.18059,41.03763],[29.18083,41.03667],[29.18108,41.03636],[29.18189,41.03579],[29.18251,41.03548],[29.18259,41.03548],[29.18272,41.03561],[29.18314,41.03578],[29.18311,41.03583],[29.183,41.03582],[29.18297,41.03612],[29.18315,41.03635],[29.1831,41.03636],[29.18312,41.0366],[29.18341,41.03687],[29.18363,41.03689],[29.18432,41.03679],[29.18459,41.03662],[29.18433,41.03603],[29.18374,41.03548],[29.18333,41.03557],[29.18305,41.03544],[29.18286,41.03559],[29.18276,41.03552],[29.18269,41.03543],[29.18338,41.03511],[29.18376,41.03503],[29.1847,41.03526],[29.18535,41.03526],[29.18535,41.03521],[29.18589,41.0352],[29.18598,41.03527],[29.18634,41.03512],[29.18677,41.03513],[29.18761,41.03642],[29.188,41.03686],[29.18908,41.03679],[29.18914,41.03674],[29.1897,41.03669],[29.18975,41.03626],[29.18989,41.03614],[29.19119,41.03659],[29.1916,41.03767],[29.19163,41.03833],[29.1918,41.03886],[29.19141,41.03897],[29.19058,41.03889],[29.19041,41.03897],[29.19039,41.03932],[29.19061,41.03959],[29.19053,41.03965],[29.1896,41.03887],[29.18919,41.03873],[29.18909,41.03878],[29.18848,41.03855],[29.18798,41.03901],[29.18785,41.03903],[29.18771,41.03885],[29.18768,41.03865],[29.1874,41.0385],[29.1874,41.03872],[29.18708,41.03891],[29.18717,41.03929],[29.18714,41.03975],[29.18696,41.03978],[29.18669,41.03969],[29.1863,41.03981],[29.18534,41.03984],[29.18487,41.03997],[29.18431,41.0393],[29.18289,41.03959],[29.1823,41.03948],[29.18169,41.0399],[29.18146,41.03967],[29.18105,41.03943],[29.18089,41.03927],[29.18071,41.0384],[29.1807,41.03799],[29.1806,41.03798],[29.18059,41.03763]]]]}},{"type":"Feature","properties":{"id":"W1356249623","name":"Neşet Suyu Tabiat Parkı","kind":"reserve","area_km2":0.312,"bbox":[28.96201,41.18235,28.97308,41.1877],"source":"OpenStreetMap way 1356249623","license":"ODbL 1.0"},"geometry":{"type":"MultiPolygon","coordinates":[[[[28.96201,41.18453],[28.96214,41.18426],[28.96202,41.18336],[28.96612,41.18352],[28.96959,41.18383],[28.97195,41.18235],[28.97219,41.18244],[28.97252,41.18591],[28.97308,41.18626],[28.97096,41.18713],[28.96972,41.18709],[28.96939,41.18713],[28.96854,41.18735],[28.96811,41.18758],[28.9672,41.1877],[28.96614,41.18753],[28.96605,41.18714],[28.96568,41.18689],[28.96541,41.1864],[28.96417,41.18559],[28.96201,41.18453]]]]}},{"type":"Feature","properties":{"id":"W1349971968","name":"Büyükçekmece Gölü Doğal Yaşam Parkı","kind":"reserve","area_km2":0.309,"bbox":[28.55273,41.02812,28.56074,41.03982],"source":"OpenStreetMap way 1349971968","license":"ODbL 1.0"},"geometry":{"type":"MultiPolygon","coordinates":[[[[28.55273,41.0343],[28.5532,41.03373],[28.55362,41.03305],[28.55382,41.03258],[28.55448,41.03021],[28.5548,41.03003],[28.55471,41.02985],[28.55479,41.02963],[28.55559,41.02812],[28.55693,41.02862],[28.55667,41.02931],[28.55668,41.02956],[28.55632,41.03042],[28.55611,41.03072],[28.55596,41.0308],[28.55577,41.03181],[28.55545,41.03241],[28.55539,41.03299],[28.55525,41.03342],[28.55635,41.03419],[28.55716,41.03459],[28.55744,41.0348],[28.55771,41.03489],[28.55804,41.03524],[28.55906,41.03603],[28.55914,41.03615],[28.55929,41.03619],[28.55945,41.03633],[28.55973,41.03645],[28.56024,41.03654],[28.56064,41.03669],[28.56074,41.03685],[28.56072,41.03716],[28.56012,41.03956],[28.56017,41.03967],[28.56013,41.03982],[28.55907,41.03961],[28.55888,41.03945],[28.55872,41.03945],[28.55805,41.03971],[28.55702,41.03836],[28.55474,41.03627],[28.55438,41.03607],[28.55342,41.03568],[28.55289,41.03537],[28.55308,41.03509],[28.554,41.03531],[28.55434,41.03493],[28.55283,41.03449],[28.55273,41.0343]]]]}},{"type":"Feature","properties":{"id":"R8292886","name":"Küçük Çamlıca Korusu","kind":"forest","area_km2":0.274,"bbox":[29.06209,41.01444,29.06843,41.02095],"source":"OpenStreetMap relation 8292886","license":"ODbL 1.0"},"geometry":{"type":"MultiPolygon","coordinates":[[[[29.06209,41.01856],[29.06245,41.01811],[29.06273,41.01753],[29.06263,41.01752],[29.06262,41.01723],[29.0622,41.01655],[29.06254,41.01614],[29.06303,41.0159],[29.06257,41.01547],[29.06273,41.0151],[29.06401,41.01488],[29.0649,41.01481],[29.06552,41.01456],[29.06613,41.01444],[29.06593,41.01511],[29.06688,41.01546],[29.06789,41.01573],[29.06843,41.01618],[29.06839,41.01708],[29.06799,41.01821],[29.06798,41.01843],[29.06819,41.01893],[29.06819,41.01922],[29.06787,41.01953],[29.06732,41.01974],[29.06726,41.01992],[29.06743,41.02026],[29.06585,41.02076],[29.06493,41.02095],[29.06488,41.02088],[29.06419,41.02081],[29.06398,41.02066],[29.06316,41.01973],[29.06341,41.01937],[29.06209,41.01856]]]]}},{"type":"Feature","properties":{"id":"W989152604","name":"Beykoz Korusu","kind":"koru","area_km2":0.251,"bbox":[29.09279,41.13091,29.10483,41.1358],"source":"OpenStreetMap way 989152604","license":"ODbL 1.0"},"geometry":{"type":"MultiPolygon","coordinates":[[[[29.09279,41.13223],[29.09342,41.13091],[29.0943,41.13122],[29.09395,41.13174],[29.09454,41.13217],[29.09628,41.13316],[29.09703,41.13318],[29.09777,41.1321],[29.09918,41.13163],[29.10074,41.1312],[29.10477,41.1329],[29.10469,41.13344],[29.10483,41.13413],[29.10469,41.13475],[29.10474,41.13544],[29.10392,41.1358],[29.09872,41.13453],[29.09795,41.13413],[29.09649,41.1341],[29.09593,41.13341],[29.09436,41.13254],[29.09421,41.1327],[29.09279,41.13223]]]]}},{"type":"Feature","properties":{"id":"W236932784","name":"Değirmenburnu Tabiat Parkı","kind":"reserve","area_km2":0.22,"bbox":[29.09093,40.8804,29.09839,40.8846],"source":"OpenStreetMap way 236932784","license":"ODbL 1.0"},"geometry":{"type":"MultiPolygon","coordinates":[[[[29.09093,40.88305],[29.09128,40.88155],[29.09203,40.88077],[29.09255,40.8806],[29.09305,40.8809],[29.09426,40.88042],[29.09458,40.8804],[29.09565,40.88062],[29.09671,40.88105],[29.09773,40.8816],[29.09817,40.88187],[29.09829,40.88209],[29.09839,40.88263],[29.09824,40.8831],[29.0977,40.88361],[29.09673,40.88423],[29.09634,40.88441],[29.09571,40.88453],[29.09488,40.88459],[29.09426,40.8846],[29.09308,40.88452],[29.09249,40.88429],[29.09175,40.8837],[29.09119,40.88333],[29.09093,40.88305]]]]}},{"type":"Feature","properties":{"id":"R20385142","name":"Göktürk Göleti Tabiat Parkı","kind":"reserve","area_km2":0.209,"bbox":[28.87187,41.18956,28.88155,41.20237],"source":"OpenStreetMap relation 20385142","license":"ODbL 1.0"},"geometry":{"type":"MultiPolygon","coordinates":[[[[28.87187,41.19117],[28.87191,41.191],[28.87203,41.19082],[28.8723,41.19054],[28.87264,41.19033],[28.87314,41.19012],[28.87341,41.1899],[28.87399,41.18978],[28.87454,41.18959],[28.87479,41.18956],[28.875,41.18979],[28.87631,41.192],[28.87714,41.19316],[28.87776,41.19383],[28.87825,41.19457],[28.87866,41.19573],[28.87901,41.19724],[28.87918,41.19742],[28.87966,41.19763],[28.88012,41.19804],[28.88108,41.19918],[28.88155,41.19995],[28.88145,41.20077],[28.8812,41.20141],[28.88087,41.20183],[28.87999,41.20237],[28.8801,41.20171],[28.8799,41.20148],[28.87974,41.20064],[28.87955,41.20005],[28.87949,41.19975],[28.87954,41.19925],[28.8795,41.19888],[28.87934,41.19867],[28.87884,41.19838],[28.87845,41.19792],[28.87786,41.19762],[28.87777,41.19741],[28.87773,41.1966],[28.8776,41.19647],[28.87737,41.19639],[28.87731,41.19627],[28.87728,41.19609],[28.87743,41.19599],[28.87725,41.19565],[28.87718,41.19508],[28.87696,41.19488],[28.87681,41.19439],[28.87595,41.19378],[28.87559,41.1933],[28.87546,41.19327],[28.87525,41.19257],[28.87512,41.19235],[28.87512,41.19215],[28.87526,41.19212],[28.87523,41.19201],[28.87508,41.19193],[28.87497,41.19157],[28.87472,41.19156],[28.87321,41.1919],[28.87312,41.19208],[28.87321,41.19243],[28.87315,41.19272],[28.87324,41.19284],[28.87324,41.19294],[28.87249,41.19264],[28.87233,41.19248],[28.87216,41.19216],[28.87187,41.19117]]]]}},{"type":"Feature","properties":{"id":"W1184853348","name":"Fatih Sultan Mehmet Mesire Alanı","kind":"forest","area_km2":0.206,"bbox":[29.12431,41.04008,29.13024,41.04636],"source":"OpenStreetMap way 1184853348","license":"ODbL 1.0"},"geometry":{"type":"MultiPolygon","coordinates":[[[[29.12431,41.04333],[29.12434,41.04222],[29.12452,41.04201],[29.12574,41.04206],[29.12641,41.04195],[29.12919,41.04089],[29.13003,41.04008],[29.13024,41.04014],[29.13011,41.04193],[29.12995,41.04272],[29.12973,41.04335],[29.12903,41.04428],[29.12869,41.04486],[29.12841,41.04629],[29.12832,41.04636],[29.12815,41.04636],[29.128,41.04629],[29.12768,41.04599],[29.12736,41.04578],[29.1269,41.04557],[29.12656,41.04551],[29.12622,41.04558],[29.12631,41.04594],[29.12575,41.04602],[29.12565,41.04575],[29.12509,41.04588],[29.12485,41.04584],[29.12463,41.04574],[29.12447,41.04543],[29.12432,41.0447],[29.12431,41.04333]]]]}},{"type":"Feature","properties":{"id":"R18639559","name":"Kirazlıbent Tabiat Parkı","kind":"reserve","area_km2":0.196,"bbox":[28.95735,41.16554,28.96256,41.17168],"source":"OpenStreetMap relation 18639559","license":"ODbL 1.0"},"geometry":{"type":"MultiPolygon","coordinates":[[[[28.95735,41.1714],[28.95786,41.17128],[28.95791,41.17113],[28.95762,41.17076],[28.95758,41.17059],[28.95763,41.17009],[28.95768,41.16996],[28.95853,41.16934],[28.95871,41.16881],[28.95868,41.16827],[28.95834,41.16796],[28.95789,41.16729],[28.9579,41.16679],[28.95809,41.16646],[28.95911,41.16592],[28.9598,41.16607],[28.96005,41.1662],[28.96015,41.16617],[28.96045,41.16584],[28.96119,41.16554],[28.96227,41.16579],[28.96256,41.16627],[28.96244,41.16777],[28.96113,41.171],[28.95957,41.17125],[28.95816,41.17168],[28.95735,41.1714]]]]}},{"type":"Feature","properties":{"id":"W690856359","name":"Pendik Korusu","kind":"forest","area_km2":0.155,"bbox":[29.28654,40.92815,29.29399,40.93157],"source":"OpenStreetMap way 690856359","license":"ODbL 1.0"},"geometry":{"type":"MultiPolygon","coordinates":[[[[29.28654,40.93104],[29.2866,40.93097],[29.28663,40.93107],[29.28728,40.93113],[29.28742,40.93083],[29.28739,40.93073],[29.28675,40.93068],[29.28685,40.93047],[29.28685,40.93005],[29.28674,40.92979],[29.28723,40.92815],[29.29028,40.92842],[29.29211,40.92868],[29.29258,40.92891],[29.29358,40.92959],[29.29386,40.92982],[29.29399,40.93003],[29.29399,40.9302],[29.29389,40.93035],[29.29368,40.93049],[29.29338,40.93057],[29.28992,40.93084],[29.28959,40.93097],[29.28938,40.93116],[29.28925,40.93157],[29.28709,40.9314],[29.28715,40.93126],[29.28655,40.93108],[29.28654,40.93104]]]]}},{"type":"Feature","properties":{"id":"W1356062443","name":"Irmak Tabiat Parkı","kind":"reserve","area_km2":0.153,"bbox":[28.95399,41.17168,28.96248,41.17559],"source":"OpenStreetMap way 1356062443","license":"ODbL 1.0"},"geometry":{"type":"MultiPolygon","coordinates":[[[[28.95399,41.17397],[28.95407,41.17358],[28.95454,41.17323],[28.95478,41.17314],[28.95514,41.17311],[28.95558,41.17296],[28.956,41.17315],[28.95624,41.17335],[28.95657,41.17338],[28.95708,41.1733],[28.95725,41.17297],[28.95746,41.17276],[28.95765,41.17266],[28.95765,41.17251],[28.95752,41.17221],[28.95774,41.17194],[28.95811,41.17168],[28.95813,41.17198],[28.95828,41.17218],[28.95839,41.17218],[28.95864,41.17203],[28.9588,41.17206],[28.95887,41.17213],[28.95882,41.17247],[28.95889,41.1726],[28.95906,41.17272],[28.95922,41.17279],[28.96045,41.17295],[28.96142,41.17343],[28.96157,41.17346],[28.96216,41.17342],[28.96233,41.17347],[28.96248,41.17368],[28.96019,41.17545],[28.95971,41.17559],[28.95854,41.1755],[28.95798,41.17486],[28.95646,41.17465],[28.95622,41.17533],[28.95585,41.17523],[28.95471,41.17473],[28.95399,41.17397]]]]}},{"type":"Feature","properties":{"id":"W737884985","name":"Şehit Piyade Uzman Çavuş Şahin Aslan Mesire Alanı","kind":"forest","area_km2":0.138,"bbox":[29.21498,40.97058,29.21961,40.97562],"source":"OpenStreetMap way 737884985","license":"ODbL 1.0"},"geometry":{"type":"MultiPolygon","coordinates":[[[[29.21498,40.97348],[29.21683,40.97088],[29.21697,40.97089],[29.21704,40.97079],[29.21746,40.97066],[29.21825,40.97068],[29.21909,40.97058],[29.2192,40.97062],[29.21944,40.97089],[29.2196,40.97092],[29.21961,40.97103],[29.21927,40.9724],[29.21901,40.973],[29.21882,40.97363],[29.21882,40.97387],[29.21929,40.97554],[29.21921,40.97562],[29.2177,40.97514],[29.21517,40.97418],[29.2151,40.97371],[29.21498,40.97348]]]]}},{"type":"Feature","properties":{"id":"R8310515","name":"Fethi Paşa Korusu","kind":"forest","area_km2":0.134,"bbox":[29.02489,41.03004,29.02957,41.03522],"source":"OpenStreetMap relation 8310515","license":"ODbL 1.0"},"geometry":{"type":"MultiPolygon","coordinates":[[[[29.02489,41.03302],[29.02579,41.03254],[29.02557,41.03236],[29.02553,41.03226],[29.02544,41.03223],[29.02553,41.03209],[29.02502,41.0318],[29.02616,41.0307],[29.02668,41.03004],[29.02743,41.03034],[29.02737,41.0304],[29.02791,41.03086],[29.02833,41.03071],[29.02856,41.03104],[29.02875,41.03098],[29.02913,41.031],[29.02915,41.03134],[29.02904,41.03137],[29.02883,41.03168],[29.02883,41.03188],[29.02912,41.03241],[29.02951,41.03284],[29.02922,41.03355],[29.02957,41.03371],[29.02901,41.03415],[29.02874,41.03403],[29.02852,41.03457],[29.02758,41.03522],[29.02587,41.03396],[29.02561,41.03368],[29.02573,41.03362],[29.02563,41.03317],[29.0252,41.03331],[29.02489,41.03302]]]]}},{"type":"Feature","properties":{"id":"R15093067","name":"Cemile Sultan Korusu","kind":"forest","area_km2":0.123,"bbox":[29.05907,41.07224,29.06646,41.076],"source":"OpenStreetMap relation 15093067","license":"ODbL 1.0"},"geometry":{"type":"MultiPolygon","coordinates":[[[[29.05907,41.07411],[29.05913,41.07386],[29.05935,41.07345],[29.05957,41.07347],[29.05965,41.0732],[29.05999,41.0732],[29.05998,41.07298],[29.06012,41.07298],[29.06014,41.07322],[29.06065,41.07322],[29.06107,41.0731],[29.06131,41.07309],[29.06135,41.07316],[29.0612,41.07332],[29.06147,41.0734],[29.0616,41.07359],[29.0623,41.07333],[29.06233,41.07335],[29.06209,41.0735],[29.06242,41.07375],[29.0627,41.07346],[29.06285,41.07354],[29.06322,41.07311],[29.06303,41.07301],[29.06366,41.07224],[29.06371,41.0723],[29.06379,41.07229],[29.06387,41.07341],[29.06514,41.07319],[29.06539,41.07411],[29.06562,41.07424],[29.066,41.0741],[29.06596,41.07422],[29.06613,41.0746],[29.06608,41.07484],[29.06614,41.07491],[29.06611,41.07542],[29.06646,41.07577],[29.06604,41.076],[29.06477,41.07558],[29.06414,41.07557],[29.06332,41.07564],[29.06248,41.07554],[29.0618,41.07526],[29.06109,41.0748],[29.05907,41.07411]],[[29.06011,41.07423],[29.06065,41.07439],[29.0608,41.0741],[29.06026,41.07393],[29.06011,41.07423]]]]}},{"type":"Feature","properties":{"id":"W31361524","name":"Yapı Kredi Korusu","kind":"forest","area_km2":0.111,"bbox":[29.06298,41.11894,29.06802,41.12307],"source":"OpenStreetMap way 31361524","license":"ODbL 1.0"},"geometry":{"type":"MultiPolygon","coordinates":[[[[29.06298,41.12197],[29.06307,41.12185],[29.06395,41.12138],[29.06432,41.12079],[29.06489,41.1201],[29.06492,41.11989],[29.06608,41.11896],[29.06621,41.11894],[29.06638,41.11903],[29.06688,41.11966],[29.06736,41.11987],[29.06755,41.11999],[29.06768,41.12016],[29.06788,41.12052],[29.06802,41.12104],[29.06797,41.12145],[29.06733,41.12217],[29.06713,41.12274],[29.06692,41.12286],[29.06575,41.12307],[29.0653,41.12304],[29.06505,41.12293],[29.06508,41.12268],[29.0649,41.12248],[29.06451,41.12244],[29.06429,41.12253],[29.06348,41.12238],[29.0633,41.12223],[29.06316,41.12219],[29.06298,41.12197]]]]}},{"type":"Feature","properties":{"id":"W1118335213","name":"Elmasburnu Tabiat Parkı","kind":"reserve","area_km2":0.102,"bbox":[29.21723,41.22641,29.22449,41.23002],"source":"OpenStreetMap way 1118335213","license":"ODbL 1.0"},"geometry":{"type":"MultiPolygon","coordinates":[[[[29.21723,41.22775],[29.21741,41.22701],[29.21883,41.22708],[29.21896,41.22685],[29.21906,41.22677],[29.22017,41.22652],[29.22027,41.22641],[29.22249,41.22641],[29.22261,41.22654],[29.22247,41.22664],[29.22262,41.22784],[29.22259,41.22809],[29.22348,41.22842],[29.22342,41.22848],[29.22352,41.22851],[29.22348,41.22861],[29.22401,41.22869],[29.22417,41.22912],[29.22444,41.22946],[29.22449,41.22962],[29.22395,41.23001],[29.22367,41.23002],[29.22331,41.22994],[29.2234,41.22976],[29.22328,41.22957],[29.22335,41.22935],[29.2233,41.22928],[29.22309,41.22912],[29.22247,41.22901],[29.22251,41.22885],[29.22201,41.22863],[29.22187,41.22859],[29.22142,41.22862],[29.22134,41.22875],[29.21846,41.22825],[29.21804,41.22813],[29.21815,41.22783],[29.2181,41.22772],[29.21795,41.22764],[29.21768,41.22765],[29.21759,41.2278],[29.21723,41.22775]]]]}},{"type":"Feature","properties":{"id":"W463132420","name":"Halide Hanım Korosu","kind":"forest","area_km2":0.097,"bbox":[29.03025,41.05449,29.03515,41.0593],"source":"OpenStreetMap way 463132420","license":"ODbL 1.0"},"geometry":{"type":"MultiPolygon","coordinates":[[[[29.03025,41.05631],[29.03067,41.05594],[29.0312,41.05563],[29.0315,41.05537],[29.03247,41.05522],[29.03251,41.0552],[29.03243,41.05509],[29.03246,41.05506],[29.03271,41.05497],[29.03287,41.05484],[29.03302,41.05488],[29.03326,41.0548],[29.03318,41.05461],[29.03333,41.05449],[29.03348,41.05449],[29.0339,41.05492],[29.03393,41.05519],[29.03386,41.0553],[29.03397,41.0555],[29.03401,41.05585],[29.03391,41.05598],[29.03392,41.0561],[29.03439,41.05691],[29.03457,41.05712],[29.03475,41.0572],[29.03501,41.05764],[29.0349,41.0577],[29.03472,41.05813],[29.03443,41.05826],[29.0344,41.05834],[29.03476,41.05874],[29.03485,41.05879],[29.03512,41.0588],[29.03515,41.05887],[29.03504,41.05916],[29.03485,41.0593],[29.03459,41.05898],[29.03404,41.05908],[29.03383,41.05895],[29.03194,41.05912],[29.03179,41.05906],[29.03174,41.05875],[29.03161,41.05863],[29.03167,41.05834],[29.03163,41.05822],[29.03219,41.05761],[29.03215,41.05738],[29.03222,41.0573],[29.03304,41.0571],[29.03254,41.05606],[29.03246,41.056],[29.03235,41.05601],[29.03205,41.05612],[29.03182,41.05613],[29.03172,41.05617],[29.03169,41.05625],[29.03179,41.0563],[29.03174,41.05637],[29.03129,41.05638],[29.03109,41.05646],[29.03065,41.05627],[29.03028,41.05635],[29.03025,41.05631]]]]}},{"type":"Feature","properties":{"id":"W278539558","name":"İBB İdealtepe 50. Yıl Korusu","kind":"koru","area_km2":0.081,"bbox":[29.12078,40.93836,29.12576,40.94301],"source":"OpenStreetMap way 278539558","license":"ODbL 1.0"},"geometry":{"type":"MultiPolygon","coordinates":[[[[29.12078,40.93836],[29.12172,40.93875],[29.12422,40.94053],[29.12576,40.94185],[29.12548,40.94224],[29.12474,40.94301],[29.12462,40.94284],[29.12439,40.94273],[29.12428,40.9427],[29.12416,40.94274],[29.12388,40.94223],[29.1223,40.94133],[29.12238,40.94126],[29.12174,40.94089],[29.12139,40.94054],[29.12119,40.94043],[29.12127,40.94035],[29.12078,40.93836]]]]}},{"type":"Feature","properties":{"id":"R8310514","name":"Hüseyin Avni Paşa Korusu","kind":"forest","area_km2":0.081,"bbox":[29.02262,41.02859,29.02668,41.03244],"source":"OpenStreetMap relation 8310514","license":"ODbL 1.0"},"geometry":{"type":"MultiPolygon","coordinates":[[[[29.02262,41.03195],[29.02284,41.03182],[29.02272,41.03171],[29.02274,41.03084],[29.02315,41.02952],[29.02356,41.02961],[29.02377,41.02908],[29.02392,41.02906],[29.02385,41.02866],[29.02392,41.02864],[29.02391,41.02859],[29.02412,41.02874],[29.02437,41.0288],[29.02484,41.02906],[29.02515,41.0291],[29.02553,41.02908],[29.02628,41.02935],[29.02631,41.02939],[29.02604,41.02978],[29.02668,41.03004],[29.02616,41.0307],[29.02502,41.0318],[29.02496,41.03172],[29.02465,41.03156],[29.02457,41.03163],[29.02444,41.03163],[29.02412,41.03155],[29.02394,41.03184],[29.02386,41.03235],[29.02377,41.03244],[29.02309,41.03207],[29.02262,41.03195]]]]}},{"type":"Feature","properties":{"id":"W374347300","name":"Din Görevlileri Hatıra Ormanı","kind":"forest","area_km2":0.059,"bbox":[29.09453,41.14161,29.09946,41.14674],"source":"OpenStreetMap way 374347300","license":"ODbL 1.0"},"geometry":{"type":"MultiPolygon","coordinates":[[[[29.09453,41.14216],[29.09487,41.14168],[29.09521,41.14161],[29.09696,41.14304],[29.09552,41.14347],[29.09646,41.14435],[29.09919,41.14467],[29.09908,41.14503],[29.09916,41.14572],[29.09946,41.14674],[29.09898,41.1467],[29.09813,41.14613],[29.09668,41.14488],[29.09482,41.1429],[29.09458,41.1425],[29.09453,41.14216]]]]}},{"type":"Feature","properties":{"id":"R20234870","name":"Türkmenbaşı Tabiat Parkı","kind":"reserve","area_km2":0.058,"bbox":[29.0239,41.13807,29.02754,41.14192],"source":"OpenStreetMap relation 20234870","license":"ODbL 1.0"},"geometry":{"type":"MultiPolygon","coordinates":[[[[29.0239,41.14178],[29.02499,41.14111],[29.02558,41.14007],[29.02564,41.13976],[29.02525,41.13886],[29.02527,41.13861],[29.02563,41.13814],[29.02572,41.13808],[29.02585,41.13807],[29.02603,41.13821],[29.02751,41.14015],[29.0272,41.14019],[29.02707,41.1408],[29.02743,41.14117],[29.02754,41.1414],[29.02673,41.14151],[29.02529,41.14192],[29.02463,41.14189],[29.0239,41.14178]]]]}},{"type":"Feature","properties":{"id":"R15868913","name":"Başakşehir 2.Etap Koru Parkı","kind":"koru","area_km2":0.057,"bbox":[28.7831,41.10272,28.78705,41.10699],"source":"OpenStreetMap relation 15868913","license":"ODbL 1.0"},"geometry":{"type":"MultiPolygon","coordinates":[[[[28.7831,41.10456],[28.78347,41.10426],[28.78375,41.10352],[28.7844,41.10272],[28.78438,41.10359],[28.78465,41.1038],[28.78507,41.10385],[28.78503,41.10415],[28.7849,41.10416],[28.7849,41.10499],[28.78532,41.10499],[28.78532,41.10494],[28.78602,41.10494],[28.78703,41.10528],[28.78705,41.10698],[28.78694,41.10699],[28.7859,41.10636],[28.78528,41.10637],[28.78505,41.10596],[28.7845,41.10547],[28.78414,41.10537],[28.78371,41.10538],[28.7835,41.10533],[28.7832,41.10499],[28.7834,41.10489],[28.7831,41.10456]]]]}},{"type":"Feature","properties":{"id":"W817613517","name":"Neydi Gevegeçidi Mesire Alanı","kind":"forest","area_km2":0.051,"bbox":[29.12081,41.04905,29.12411,41.0523],"source":"OpenStreetMap way 817613517","license":"ODbL 1.0"},"geometry":{"type":"MultiPolygon","coordinates":[[[[29.12081,41.0523],[29.1217,41.04905],[29.12282,41.0498],[29.12411,41.05026],[29.12378,41.05057],[29.12356,41.05059],[29.12353,41.05104],[29.12331,41.05136],[29.12283,41.0517],[29.12126,41.05229],[29.12081,41.0523]]]]}},{"type":"Feature","properties":{"id":"W338806473","name":"Otağtepe Fatih Korusu","kind":"koru","area_km2":0.048,"bbox":[29.0684,41.08917,29.07369,41.09075],"source":"OpenStreetMap way 338806473","license":"ODbL 1.0"},"geometry":{"type":"MultiPolygon","coordinates":[[[[29.0684,41.09039],[29.06844,41.08942],[29.06854,41.08932],[29.07032,41.08986],[29.07118,41.0896],[29.07223,41.08917],[29.0727,41.08942],[29.07369,41.08947],[29.07368,41.0898],[29.0734,41.09065],[29.07328,41.09073],[29.0731,41.0907],[29.07288,41.09048],[29.07139,41.09034],[29.06959,41.0906],[29.06948,41.09069],[29.06874,41.09075],[29.0684,41.09039]]]]}},{"type":"Feature","properties":{"id":"W222006182","name":"Halkalı Çamlık Parkı","kind":"forest","area_km2":0.044,"bbox":[28.78969,41.02949,28.79182,41.03321],"source":"OpenStreetMap way 222006182","license":"ODbL 1.0"},"geometry":{"type":"MultiPolygon","coordinates":[[[[28.78969,41.03287],[28.79007,41.03165],[28.79049,41.02961],[28.79063,41.0295],[28.79073,41.02949],[28.79173,41.02965],[28.79182,41.02976],[28.7917,41.0304],[28.79168,41.03092],[28.79081,41.03309],[28.79076,41.03317],[28.79056,41.03321],[28.78984,41.03306],[28.7897,41.03296],[28.78969,41.03287]]]]}},{"type":"Feature","properties":{"id":"W1330251746","name":"Kömürcü Bendi Tabiat Parkı","kind":"reserve","area_km2":0.042,"bbox":[28.96167,41.20454,28.96413,41.20777],"source":"OpenStreetMap way 1330251746","license":"ODbL 1.0"},"geometry":{"type":"MultiPolygon","coordinates":[[[[28.96167,41.20658],[28.96221,41.20465],[28.96312,41.20454],[28.96361,41.20602],[28.96413,41.20685],[28.96413,41.20751],[28.96376,41.20777],[28.96334,41.20773],[28.9627,41.20714],[28.96226,41.20647],[28.96206,41.2064],[28.96186,41.20644],[28.96167,41.20658]]]]}},{"type":"Feature","properties":{"id":"R18639560","name":"Kirazlıbent Mesire Yeri","kind":"reserve","area_km2":0.042,"bbox":[28.95651,41.16729,28.95871,41.1714],"source":"OpenStreetMap relation 18639560","license":"ODbL 1.0"},"geometry":{"type":"MultiPolygon","coordinates":[[[[28.95651,41.17013],[28.95736,41.16818],[28.95757,41.16799],[28.95789,41.16729],[28.95834,41.16796],[28.95868,41.16827],[28.95871,41.16881],[28.95853,41.16934],[28.95768,41.16996],[28.95763,41.17009],[28.95758,41.17059],[28.95762,41.17076],[28.95791,41.17113],[28.95786,41.17128],[28.95735,41.1714],[28.95683,41.17113],[28.95665,41.17087],[28.95651,41.17013]]]]}},{"type":"Feature","properties":{"id":"R8310566","name":"Sultantepe Ahşap Köşkü Korusu","kind":"forest","area_km2":0.034,"bbox":[29.0213,41.02853,29.02392,41.03171],"source":"OpenStreetMap relation 8310566","license":"ODbL 1.0"},"geometry":{"type":"MultiPolygon","coordinates":[[[[29.0213,41.0296],[29.02133,41.02909],[29.02141,41.02898],[29.02232,41.02876],[29.0238,41.02853],[29.02392,41.02906],[29.02377,41.02908],[29.02356,41.02961],[29.02315,41.02952],[29.02301,41.03008],[29.02277,41.03066],[29.02272,41.03171],[29.02253,41.03119],[29.02244,41.03118],[29.02241,41.03107],[29.02244,41.03061],[29.02205,41.03061],[29.02151,41.03036],[29.02173,41.03021],[29.02148,41.02961],[29.0213,41.0296]]]]}},{"type":"Feature","properties":{"id":"W1551817183","name":"Büyükada Tabiat Parkı","kind":"reserve","area_km2":0.032,"bbox":[29.12479,40.84714,29.12648,40.85283],"source":"OpenStreetMap way 1551817183","license":"ODbL 1.0"},"geometry":{"type":"MultiPolygon","coordinates":[[[[29.12479,40.85152],[29.12494,40.85094],[29.12516,40.85061],[29.12535,40.84922],[29.12571,40.84871],[29.12605,40.84746],[29.12608,40.84714],[29.12643,40.84714],[29.12648,40.84736],[29.12644,40.8482],[29.12634,40.84848],[29.12624,40.84856],[29.12623,40.84878],[29.12612,40.8491],[29.12606,40.85029],[29.12579,40.8512],[29.12575,40.85124],[29.12513,40.85112],[29.12497,40.85147],[29.12501,40.85176],[29.12562,40.85178],[29.12566,40.85188],[29.12559,40.85224],[29.12536,40.85278],[29.12529,40.85283],[29.12497,40.85275],[29.12507,40.85239],[29.12506,40.85205],[29.12479,40.85152]]]]}},{"type":"Feature","properties":{"id":"W690877264","name":"Yenişehir Temalı Park ve Yaşam Korusu","kind":"koru","area_km2":0.022,"bbox":[29.298,40.93327,29.30212,40.93499],"source":"OpenStreetMap way 690877264","license":"ODbL 1.0"},"geometry":{"type":"MultiPolygon","coordinates":[[[[29.298,40.93378],[29.29823,40.93354],[29.29884,40.93358],[29.29975,40.93437],[29.30061,40.93441],[29.3009,40.93421],[29.30094,40.93398],[29.30126,40.93399],[29.30147,40.93381],[29.30154,40.93327],[29.30212,40.93362],[29.30144,40.93417],[29.3013,40.93465],[29.30089,40.93499],[29.30052,40.93491],[29.29924,40.93479],[29.29871,40.93413],[29.298,40.93378]]]]}},{"type":"Feature","properties":{"id":"W886672030","name":"Yıldız Sarayı Bahçesi","kind":"forest","area_km2":0.021,"bbox":[29.01165,41.05176,29.01314,41.05402],"source":"OpenStreetMap way 886672030","license":"ODbL 1.0"},"geometry":{"type":"MultiPolygon","coordinates":[[[[29.01165,41.05297],[29.01166,41.05268],[29.01178,41.05268],[29.01179,41.05186],[29.01233,41.05176],[29.01269,41.05275],[29.01284,41.05279],[29.01304,41.05275],[29.01314,41.05295],[29.01291,41.05299],[29.0129,41.05305],[29.01311,41.05391],[29.01184,41.05402],[29.01167,41.05321],[29.01183,41.0532],[29.01184,41.05297],[29.01165,41.05297]]]]}},{"type":"Feature","properties":{"id":"W547637350","name":"Muhsin Yazıcıoğlu Hatıra Ormanı","kind":"forest","area_km2":0.018,"bbox":[29.18479,41.03191,29.18698,41.03345],"source":"OpenStreetMap way 547637350","license":"ODbL 1.0"},"geometry":{"type":"MultiPolygon","coordinates":[[[[29.18479,41.0327],[29.18518,41.0323],[29.1854,41.03191],[29.18628,41.03195],[29.18698,41.03343],[29.18688,41.03345],[29.18584,41.03314],[29.1857,41.03336],[29.18479,41.0327]]]]}},{"type":"Feature","properties":{"id":"W546641052","name":"Dedeoğlu Parkı","kind":"forest","area_km2":0.014,"bbox":[29.08565,41.10697,29.0883,41.1077],"source":"OpenStreetMap way 546641052","license":"ODbL 1.0"},"geometry":{"type":"MultiPolygon","coordinates":[[[[29.08565,41.10728],[29.08572,41.10719],[29.08767,41.10697],[29.08797,41.10698],[29.08818,41.1071],[29.0883,41.10724],[29.08817,41.10761],[29.08606,41.1077],[29.08574,41.10752],[29.08565,41.10728]]]]}},{"type":"Feature","properties":{"id":"W737926885","name":"Yeni Şehir Korusu","kind":"koru","area_km2":0.012,"bbox":[28.81586,41.01275,28.81653,41.0152],"source":"OpenStreetMap way 737926885","license":"ODbL 1.0"},"geometry":{"type":"MultiPolygon","coordinates":[[[[28.81586,41.01275],[28.81634,41.01284],[28.81653,41.0152],[28.8159,41.01509],[28.81586,41.01275]]]]}},{"type":"Feature","properties":{"id":"W1422302437","name":"Sarıgazi Koru Park","kind":"koru","area_km2":0.012,"bbox":[29.20514,41.0013,29.20984,41.00344],"source":"OpenStreetMap way 1422302437","license":"ODbL 1.0"},"geometry":{"type":"MultiPolygon","coordinates":[[[[29.20514,41.00325],[29.20655,41.00246],[29.20713,41.00228],[29.20751,41.00223],[29.20793,41.00207],[29.2092,41.00151],[29.20954,41.0013],[29.20982,41.00139],[29.20984,41.00146],[29.20958,41.00186],[29.20939,41.00158],[29.20778,41.00227],[29.20783,41.00235],[29.20775,41.0024],[29.2053,41.00344],[29.20514,41.00325]]]]}},{"type":"Feature","properties":{"id":"W1516576018","name":"Ortadağ Koru Park","kind":"koru","area_km2":0.012,"bbox":[29.21742,40.96339,29.21932,40.96508],"source":"OpenStreetMap way 1516576018","license":"ODbL 1.0"},"geometry":{"type":"MultiPolygon","coordinates":[[[[29.21742,40.96394],[29.21757,40.96356],[29.21803,40.96364],[29.2181,40.96339],[29.21833,40.96353],[29.21904,40.96425],[29.21932,40.96433],[29.21929,40.96464],[29.21905,40.96508],[29.21806,40.96431],[29.21788,40.96406],[29.21742,40.96394]]]]}},{"type":"Feature","properties":{"id":"W1067392824","name":"Koru Park","kind":"koru","area_km2":0.011,"bbox":[29.23186,40.99035,29.23294,40.99229],"source":"OpenStreetMap way 1067392824","license":"ODbL 1.0"},"geometry":{"type":"MultiPolygon","coordinates":[[[[29.23186,40.99144],[29.23219,40.99138],[29.23193,40.99053],[29.2324,40.99035],[29.23294,40.99229],[29.23214,40.99227],[29.23186,40.99144]]]]}},{"type":"Feature","properties":{"id":"W1355917443","name":"Edirnekapı Tepesi","kind":"forest","area_km2":0.011,"bbox":[28.80902,40.98624,28.81066,40.98737],"source":"OpenStreetMap way 1355917443","license":"ODbL 1.0"},"geometry":{"type":"MultiPolygon","coordinates":[[[[28.80902,40.98718],[28.80969,40.98631],[28.80988,40.98624],[28.81006,40.98632],[28.81066,40.9872],[28.8106,40.98732],[28.81044,40.98737],[28.8092,40.98734],[28.80907,40.98728],[28.80902,40.98718]]]]}},{"type":"Feature","properties":{"id":"W218505568","name":"Mehmet Akif Ersoy Koruluğu","kind":"koru","area_km2":0.009,"bbox":[28.64343,41.00861,28.64722,41.00901],"source":"OpenStreetMap way 218505568","license":"ODbL 1.0"},"geometry":{"type":"MultiPolygon","coordinates":[[[[28.64343,41.00901],[28.64347,41.00877],[28.64722,41.00861],[28.64722,41.00883],[28.64713,41.00888],[28.64343,41.00901]]]]}},{"type":"Feature","properties":{"id":"W218507593","name":"Bizimkent Atatürk Koruluğu","kind":"koru","area_km2":0.009,"bbox":[28.63721,41.00985,28.64092,41.01175],"source":"OpenStreetMap way 218507593","license":"ODbL 1.0"},"geometry":{"type":"MultiPolygon","coordinates":[[[[28.63721,41.01155],[28.64075,41.00985],[28.64092,41.01005],[28.63734,41.01175],[28.63721,41.01155]]]]}},{"type":"Feature","properties":{"id":"W219009961","name":"Koru Parkı","kind":"koru","area_km2":0.009,"bbox":[28.66738,41.03896,28.66926,41.04024],"source":"OpenStreetMap way 219009961","license":"ODbL 1.0"},"geometry":{"type":"MultiPolygon","coordinates":[[[[28.66738,41.03945],[28.66805,41.03896],[28.66852,41.03937],[28.66882,41.03949],[28.66897,41.03963],[28.66901,41.0398],[28.66926,41.03996],[28.66891,41.04022],[28.66868,41.04024],[28.66812,41.03966],[28.66777,41.03969],[28.66738,41.03945]]]]}},{"type":"Feature","properties":{"id":"W222006180","name":"Halkalı Çamlık Parkı","kind":"forest","area_km2":0.009,"bbox":[28.78915,41.03325,28.7904,41.03438],"source":"OpenStreetMap way 222006180","license":"ODbL 1.0"},"geometry":{"type":"MultiPolygon","coordinates":[[[[28.78915,41.03412],[28.7894,41.03339],[28.78955,41.03327],[28.78975,41.03325],[28.7904,41.03339],[28.79005,41.03438],[28.7895,41.03418],[28.78915,41.03412]]]]}},{"type":"Feature","properties":{"id":"W732403172","name":"Akasya Koru Evleri Parkı","kind":"koru","area_km2":0.009,"bbox":[29.05388,41.00294,29.05586,41.00364],"source":"OpenStreetMap way 732403172","license":"ODbL 1.0"},"geometry":{"type":"MultiPolygon","coordinates":[[[[29.05388,41.00294],[29.05551,41.00301],[29.0558,41.00312],[29.05586,41.00328],[29.05583,41.00335],[29.05551,41.00352],[29.05515,41.00359],[29.05441,41.00364],[29.05442,41.00358],[29.05388,41.00294]]]]}},{"type":"Feature","properties":{"id":"W1355924001","name":"Süleymaniye Tepesi","kind":"forest","area_km2":0.009,"bbox":[28.80745,40.97966,28.80849,40.98085],"source":"OpenStreetMap way 1355924001","license":"ODbL 1.0"},"geometry":{"type":"MultiPolygon","coordinates":[[[[28.80745,40.9804],[28.80797,40.97972],[28.8082,40.97966],[28.80839,40.97972],[28.80849,40.9799],[28.80846,40.98057],[28.80838,40.98069],[28.80801,40.98085],[28.8078,40.98084],[28.80764,40.98074],[28.80745,40.9804]]]]}},{"type":"Feature","properties":{"id":"W1355927306","name":"Yavuz Selim Tepesi","kind":"forest","area_km2":0.009,"bbox":[28.80676,40.98544,28.80781,40.98679],"source":"OpenStreetMap way 1355927306","license":"ODbL 1.0"},"geometry":{"type":"MultiPolygon","coordinates":[[[[28.80676,40.98664],[28.8068,40.98556],[28.80689,40.98546],[28.80706,40.98544],[28.80774,40.98574],[28.80781,40.9859],[28.80711,40.98677],[28.80688,40.98679],[28.80676,40.98664]]]]}},{"type":"Feature","properties":{"id":"W544512862","name":"Sahrayıcedit Korusu","kind":"koru","area_km2":0.008,"bbox":[29.07868,40.98672,29.07959,40.98808],"source":"OpenStreetMap way 544512862","license":"ODbL 1.0"},"geometry":{"type":"MultiPolygon","coordinates":[[[[29.07868,40.98672],[29.0791,40.98672],[29.07924,40.98724],[29.07949,40.98719],[29.07959,40.98744],[29.07931,40.9875],[29.07944,40.98798],[29.07891,40.98808],[29.07871,40.98798],[29.07868,40.98672]]]]}},{"type":"Feature","properties":{"id":"W1355917444","name":"Fatih Tepesi","kind":"forest","area_km2":0.007,"bbox":[28.80917,40.98328,28.81056,40.98406],"source":"OpenStreetMap way 1355917444","license":"ODbL 1.0"},"geometry":{"type":"MultiPolygon","coordinates":[[[[28.80917,40.98344],[28.80925,40.98331],[28.80939,40.98328],[28.81039,40.9833],[28.81051,40.98336],[28.81056,40.98346],[28.81049,40.98358],[28.80986,40.98402],[28.8097,40.98406],[28.80953,40.98397],[28.80917,40.98344]]]]}},{"type":"Feature","properties":{"id":"W218508840","name":"Vali Recep Yazıcıoğlu Koruluğu","kind":"koru","area_km2":0.006,"bbox":[28.65608,41.00522,28.6592,41.00664],"source":"OpenStreetMap way 218508840","license":"ODbL 1.0"},"geometry":{"type":"MultiPolygon","coordinates":[[[[28.65608,41.00643],[28.65909,41.00522],[28.6592,41.00538],[28.65688,41.00631],[28.65692,41.00636],[28.65623,41.00664],[28.65608,41.00643]]]]}},{"type":"Feature","properties":{"id":"W1521864423","name":"Mesire Alanı","kind":"forest","area_km2":0.006,"bbox":[29.22002,40.97428,29.22155,40.97508],"source":"OpenStreetMap way 1521864423","license":"ODbL 1.0"},"geometry":{"type":"MultiPolygon","coordinates":[[[[29.22002,40.97465],[29.22121,40.97428],[29.22155,40.97459],[29.22155,40.97467],[29.22021,40.97508],[29.22002,40.97465]]]]}},{"type":"Feature","properties":{"id":"W218505853","name":"Turgut Özal Koruluğu","kind":"koru","area_km2":0.005,"bbox":[28.65153,41.00723,28.65383,41.00837],"source":"OpenStreetMap way 218505853","license":"ODbL 1.0"},"geometry":{"type":"MultiPolygon","coordinates":[[[[28.65153,41.00817],[28.65153,41.00811],[28.65371,41.00723],[28.65383,41.00743],[28.65153,41.00837],[28.65153,41.00817]]]]}}]}